snapshot_date,ticker,category,composite_score,dcf_score,relative_score,upside_pct,recommendation,price
2026-10-04,A,Health Care (S&P 500),-37.3,-38.0,-34.6,-55.25,Sell,167.77999877929688
2026-10-04,AA,Materials (S&P 400),53.5,43.3,94.2,62.92,Buy,41.95000076293945
2026-10-04,AAL,Industrials (S&P 400),74.7,90.0,13.3,431.25,Buy,12.9399995803833
2026-10-04,AAMI,Financials (S&P 600),-15.0,6.2,-100.0,-5.17,Sell,94.16999816894531
2026-10-04,AAON,Industrials (S&P 400),,,,,Hold,83.2699966430664
2026-10-04,AAP,Consumer Discretionary (S&P 600),,,,,Buy,38.68000030517578
2026-10-04,AAPL,Information Technology (S&P 500),-40.7,-35.5,-61.5,-52.58,Sell,333.69000244140625
2026-10-04,AAT,Real Estate (S&P 600),66.6,70.1,52.6,168.4,Buy,21.549999237060547
2026-10-04,ABBV,Health Care (S&P 500),-32.7,-26.2,-58.6,-43.22,Sell,262.82000732421875
2026-10-04,ABCB,Financials (S&P 600),,,,,Sell,81.44000244140625
2026-10-04,ABG,Consumer Discretionary (S&P 600),80.2,97.0,13.0,826.55,Buy,175.8800048828125
2026-10-04,ABM,Industrials (S&P 600),-45.5,-64.5,30.2,-78.69,Sell,48.970001220703125
2026-10-04,ABNB,Consumer Discretionary (S&P 500),9.0,7.4,15.7,-3.64,Buy,162.42999267578125
2026-10-04,ABR,Financials (S&P 600),,,,,Buy,3.559999942779541
2026-10-04,ABT,Health Care (S&P 500),26.0,15.6,67.5,8.81,Buy,97.5
2026-10-04,ACA,Industrials (S&P 600),-14.5,-9.1,-35.8,-24.45,Sell,146.5
2026-10-04,ACAD,Health Care (S&P 600),,,,,Hold,19.950000762939453
2026-10-04,ACGL,Financials (S&P 500),,,,,Buy,93.5999984741211
2026-10-04,ACHC,Health Care (S&P 600),,,,,Buy,28.059999465942383
2026-10-04,ACI,Consumer Staples (S&P 400),47.3,56.3,11.4,103.16,Buy,11.75
2026-10-04,ACIW,Information Technology (S&P 600),20.5,15.9,38.6,9.3,Buy,50.150001525878906
2026-10-04,ACLS,Information Technology (S&P 600),-75.9,-69.9,-100.0,-83.3,Sell,147.77000427246094
2026-10-04,ACM,Industrials (S&P 400),77.0,73.3,91.9,192.32,Buy,59.65999984741211
2026-10-04,ACMR,Information Technology (S&P 600),,,,,Sell,83.37999725341797
2026-10-04,ACN,Information Technology (S&P 500),59.3,52.2,88.0,88.38,Buy,198.89999389648438
2026-10-04,ACT,Financials (S&P 600),,,,,Sell,45.2599983215332
2026-10-04,ADAM,Real Estate (S&P 600),,,,,Buy,7.809999942779541
2026-10-04,ADBE,Information Technology (S&P 500),85.4,83.3,93.7,302.75,Buy,237.69000244140625
2026-10-04,ADC,Real Estate (S&P 400),,,,,Hold,65.87999725341797
2026-10-04,ADEA,Information Technology (S&P 600),-70.1,-75.3,-49.3,-89.05,Sell,25.739999771118164
2026-10-04,ADI,Information Technology (S&P 500),-85.0,-81.3,-100.0,-96.37,Sell,417.1499938964844
2026-10-04,ADM,Consumer Staples (S&P 500),-6.7,16.6,-100.0,10.35,Hold,80.44999694824219
2026-10-04,ADMA,Health Care (S&P 600),87.1,84.3,98.4,322.43,Buy,9.720000267028809
2026-10-04,ADNT,Consumer Discretionary (S&P 600),67.2,81.0,12.0,261.44,Buy,17.309999465942383
2026-10-04,ADP,Industrials (S&P 500),30.5,23.3,59.3,21.09,Buy,257.67999267578125
2026-10-04,ADSK,Information Technology (S&P 500),60.0,52.5,90.3,89.53,Buy,212.0
2026-10-04,ADT,Consumer Discretionary (S&P 600),88.0,93.2,67.3,610.96,Buy,6.25
2026-10-04,ADUS,Health Care (S&P 600),72.3,71.3,76.4,177.11,Buy,111.2699966430664
2026-10-04,AEE,Utilities (S&P 500),,,,,Hold,99.94000244140625
2026-10-04,AEIS,Information Technology (S&P 400),-78.6,-73.3,-100.0,-86.94,Sell,304.2799987792969
2026-10-04,AEO,Consumer Discretionary (S&P 600),9.3,9.3,9.4,-1.08,Buy,17.709999084472656
2026-10-04,AEP,Utilities (S&P 500),,,,,Hold,119.56999969482422
2026-10-04,AES,Utilities (S&P 500),,,,,Hold,14.90999984741211
2026-10-04,AESI,Energy (S&P 600),,,,,Sell,12.039999961853027
2026-10-04,AFG,Financials (S&P 400),,,,,Sell,139.10000610351562
2026-10-04,AFL,Financials (S&P 500),,,,,Sell,111.54000091552734
2026-10-04,AGCO,Industrials (S&P 400),-1.8,12.3,-57.9,3.48,Hold,114.61000061035156
2026-10-04,AGNT,Real Estate (S&P 600),,,,,Hold,3.6500000953674316
2026-10-04,AGO,Financials (S&P 600),,,,,Buy,68.47000122070312
2026-10-04,AGX,Industrials (S&P 600),,,,,Sell,383.8299865722656
2026-10-04,AGYS,Information Technology (S&P 600),11.0,-8.5,88.7,-23.64,Buy,99.26000213623047
2026-10-04,AHCO,Health Care (S&P 600),91.1,95.8,72.3,760.83,Buy,5.599999904632568
2026-10-04,AHR,Real Estate (S&P 400),,,,,Sell,50.75
2026-10-04,AIG,Financials (S&P 500),,,,,Buy,74.93000030517578
2026-10-04,AIN,Industrials (S&P 600),11.0,38.8,-100.0,51.34,Buy,60.880001068115234
2026-10-04,AIR,Industrials (S&P 600),-15.0,-38.9,80.7,-56.16,Sell,102.51000213623047
2026-10-04,AIT,Industrials (S&P 400),-15.1,-3.8,-60.0,-18.12,Sell,343.45001220703125
2026-10-04,AIZ,Financials (S&P 500),,,,,Sell,267.32000732421875
2026-10-04,AJG,Financials (S&P 500),-0.3,-16.1,63.1,-32.74,Hold,226.11000061035156
2026-10-04,AKAM,Information Technology (S&P 500),-39.6,-57.3,31.1,-72.66,Sell,108.91999816894531
2026-10-04,AKR,Real Estate (S&P 600),,,,,Sell,18.6299991607666
2026-10-04,ALB,Materials (S&P 500),,,,,Sell,104.58999633789062
2026-10-04,ALG,Industrials (S&P 600),-19.3,-38.8,58.7,-56.08,Sell,161.00999450683594
2026-10-04,ALGM,Information Technology (S&P 400),-79.3,-74.1,-100.0,-87.75,Sell,39.529998779296875
2026-10-04,ALGN,Health Care (S&P 500),,,,,Buy,143.74000549316406
2026-10-04,ALGT,Industrials (S&P 600),47.3,35.8,93.4,44.88,Buy,77.61000061035156
2026-10-04,ALHC,Health Care (S&P 600),,,,,Buy,7.940000057220459
2026-10-04,ALK,Industrials (S&P 400),,,,,Buy,39.529998779296875
2026-10-04,ALKS,Health Care (S&P 600),,,,,Buy,41.75
2026-10-04,ALL,Financials (S&P 500),,,,,Buy,223.74000549316406
2026-10-04,ALLE,Industrials (S&P 500),53.5,58.6,32.8,111.5,Buy,154.2100067138672
2026-10-04,ALLY,Financials (S&P 400),,,,,Sell,37.90999984741211
2026-10-04,ALRM,Financials (S&P 600),67.9,62.3,90.2,128.33,Buy,54.68000030517578
2026-10-04,ALSN,Industrials (S&P 400),-41.4,-40.2,-46.5,-57.44,Sell,117.97000122070312
2026-10-04,ALV,Consumer Discretionary (S&P 400),56.4,56.3,56.7,103.16,Buy,111.8499984741211
2026-10-04,AM,Energy (S&P 400),-5.7,3.9,-44.3,-8.25,Hold,20.360000610351562
2026-10-04,AMAT,Information Technology (S&P 500),-81.6,-77.1,-100.0,-90.95,Sell,540.0399780273438
2026-10-04,AMCR,Materials (S&P 500),84.1,86.7,73.7,366.09,Buy,41.86000061035156
2026-10-04,AMD,Information Technology (S&P 500),-83.7,-82.9,-87.0,-99.12,Sell,633.9099731445312
2026-10-04,AME,Industrials (S&P 500),-27.5,-25.0,-37.7,-42.06,Sell,251.92999267578125
2026-10-04,AMG,Financials (S&P 400),15.3,36.4,-68.9,46.08,Buy,371.42999267578125
2026-10-04,AMGN,Health Care (S&P 500),62.0,78.7,-4.7,232.47,Buy,403.0400085449219
2026-10-04,AMH,Real Estate (S&P 400),,,,,Buy,30.260000228881836
2026-10-04,AMKR,Information Technology (S&P 400),-86.0,-82.5,-100.0,-98.4,Sell,56.02000045776367
2026-10-04,AMN,Health Care (S&P 600),30.5,51.8,-54.4,86.95,Buy,36.630001068115234
2026-10-04,AMP,Financials (S&P 500),,,,,Hold,490.9100036621094
2026-10-04,AMPH,Health Care (S&P 600),60.5,58.4,69.0,110.67,Buy,25.43000030517578
2026-10-04,AMR,Materials (S&P 600),-20.1,-0.2,-100.0,-13.68,Sell,171.5399932861328
2026-10-04,AMRX,Health Care (S&P 600),-14.7,-0.5,-71.9,-14.04,Sell,20.299999237060547
2026-10-04,AMSF,Financials (S&P 600),,,,,Insufficient Data,23.59000015258789
2026-10-04,AMT,Real Estate (S&P 500),18.8,11.1,49.5,1.64,Buy,162.1999969482422
2026-10-04,AMTM,Industrials (S&P 600),,,,,Buy,18.139999389648438
2026-10-04,AMZN,Consumer Discretionary (S&P 500),-28.5,-52.6,67.9,-68.74,Sell,251.52000427246094
2026-10-04,AN,Consumer Discretionary (S&P 400),55.6,79.2,-38.8,235.91,Buy,162.4600067138672
2026-10-04,ANDE,Consumer Staples (S&P 600),0.3,21.8,-85.3,18.62,Hold,67.72000122070312
2026-10-04,ANET,Information Technology (S&P 500),,,,,Insufficient Data,207.35000610351562
2026-10-04,ANF,Consumer Discretionary (S&P 400),65.3,69.0,50.6,162.23,Buy,135.91000366210938
2026-10-04,ANIP,Health Care (S&P 600),77.2,73.2,93.2,191.33,Buy,72.18000030517578
2026-10-04,AON,Financials (S&P 500),75.8,74.0,83.2,197.2,Buy,269.45001220703125
2026-10-04,AORT,Health Care (S&P 600),-35.6,-66.3,87.2,-80.23,Sell,22.309999465942383
2026-10-04,AOS,Industrials (S&P 500),58.4,50.6,89.5,82.81,Buy,56.75
2026-10-04,AOSL,Information Technology (S&P 600),,,,,Sell,30.239999771118164
2026-10-04,APA,Energy (S&P 500),38.1,51.8,-16.7,87.07,Buy,43.68000030517578
2026-10-04,APAM,Financials (S&P 600),78.0,82.8,59.0,293.64,Buy,34.880001068115234
2026-10-04,APD,Materials (S&P 500),,,,,Sell,277.57000732421875
2026-10-04,APG,Industrials (S&P 400),-62.7,-70.3,-32.6,-83.7,Sell,40.47999954223633
2026-10-04,APH,Information Technology (S&P 500),-67.7,-68.7,-63.9,-82.3,Sell,86.95999908447266
2026-10-04,APLE,Real Estate (S&P 600),50.6,62.9,1.5,131.19,Buy,16.510000228881836
2026-10-04,APO,Financials (S&P 500),91.5,100.0,57.7,1081.93,Buy,114.0199966430664
2026-10-04,APOG,Industrials (S&P 600),24.3,20.2,40.8,16.09,Buy,35.619998931884766
2026-10-04,APP,Information Technology (S&P 500),18.3,8.2,58.7,-2.48,Buy,268.2200012207031
2026-10-04,APPF,Information Technology (S&P 400),,,,,Buy,202.97000122070312
2026-10-04,APTV,Consumer Discretionary (S&P 500),-29.2,-57.9,85.7,-73.14,Sell,43.540000915527344
2026-10-04,AR,Energy (S&P 400),,,,,Insufficient Data,34.08000183105469
2026-10-04,ARCB,Industrials (S&P 600),-62.4,-53.0,-100.0,-69.08,Sell,132.61000061035156
2026-10-04,ARE,Real Estate (S&P 500),,,,,Sell,47.369998931884766
2026-10-04,ARES,Financials (S&P 500),,,,,Hold,117.55000305175781
2026-10-04,ARLO,Information Technology (S&P 600),,,,,Sell,12.779999732971191
2026-10-04,ARMK,Consumer Discretionary (S&P 400),15.9,27.0,-28.5,27.15,Buy,55.54999923706055
2026-10-04,AROC,Energy (S&P 600),,,,,Hold,30.329999923706055
2026-10-04,ARR,Real Estate (S&P 600),,,,,Insufficient Data,13.59000015258789
2026-10-04,ARW,Information Technology (S&P 400),-79.4,-74.3,-100.0,-87.95,Sell,242.00999450683594
2026-10-04,ARWR,Health Care (S&P 400),,,,,Buy,64.19000244140625
2026-10-04,ASB,Financials (S&P 400),,,,,Hold,29.0
2026-10-04,ASH,Materials (S&P 400),23.1,23.8,20.5,21.94,Buy,69.5199966430664
2026-10-04,ASO,Consumer Discretionary (S&P 600),34.8,39.3,16.8,52.65,Buy,48.72999954223633
2026-10-04,ASTE,Industrials (S&P 600),,,,,Sell,42.0
2026-10-04,ASTH,Health Care (S&P 600),62.2,88.2,-42.0,395.2,Buy,35.880001068115234
2026-10-04,ATEN,Information Technology (S&P 600),,,,,Sell,27.6299991607666
2026-10-04,ATI,Industrials (S&P 400),-76.8,-71.0,-100.0,-84.47,Sell,192.4199981689453
2026-10-04,ATMU,Industrials (S&P 600),-36.4,-43.7,-7.1,-60.72,Sell,45.70000076293945
2026-10-04,ATO,Utilities (S&P 500),,,,,Hold,157.1699981689453
2026-10-04,ATR,Materials (S&P 400),26.9,15.8,71.4,9.2,Buy,119.91000366210938
2026-10-04,AUB,Financials (S&P 600),,,,,Hold,38.81999969482422
2026-10-04,AVA,Utilities (S&P 600),,,,,Hold,35.310001373291016
2026-10-04,AVAV,Industrials (S&P 400),,,,,Buy,140.82000732421875
2026-10-04,AVGO,Information Technology (S&P 500),-51.5,-39.4,-100.0,-56.64,Sell,355.1400146484375
2026-10-04,AVNT,Materials (S&P 400),-35.0,-40.0,-14.9,-57.32,Sell,41.16999816894531
2026-10-04,AVT,Information Technology (S&P 400),-22.3,-8.7,-76.9,-23.92,Sell,106.94000244140625
2026-10-04,AVTR,Health Care (S&P 400),16.3,2.4,72.0,-10.26,Buy,15.34000015258789
2026-10-04,AVY,Materials (S&P 500),12.5,0.8,59.4,-12.48,Buy,169.8699951171875
2026-10-04,AWI,Industrials (S&P 600),45.9,57.4,0.0,107.13,Buy,163.1199951171875
2026-10-04,AWK,Utilities (S&P 500),,,,,Buy,130.25
2026-10-04,AWR,Utilities (S&P 600),,,,,Buy,82.81999969482422
2026-10-04,AX,Financials (S&P 600),,,,,Sell,88.93000030517578
2026-10-04,AXON,Industrials (S&P 500),,,,,Sell,413.3500061035156
2026-10-04,AXP,Financials (S&P 500),,,,,Sell,302.7799987792969
2026-10-04,AXTA,Materials (S&P 400),46.9,41.2,69.7,57.34,Buy,32.20000076293945
2026-10-04,AYI,Industrials (S&P 400),-43.3,-38.6,-62.0,-55.88,Sell,308.760009765625
2026-10-04,AZO,Consumer Discretionary (S&P 500),38.7,38.4,40.2,50.5,Buy,2792.030029296875
2026-10-04,AZTA,Health Care (S&P 600),,,,,Buy,38.75
2026-10-04,AZZ,Industrials (S&P 600),48.0,44.6,61.6,66.22,Buy,139.38999938964844
2026-10-04,BA,Industrials (S&P 500),-31.7,-63.3,94.5,-77.67,Sell,193.55999755859375
2026-10-04,BAC,Financials (S&P 500),,,,,Sell,53.75
2026-10-04,BAH,Industrials (S&P 400),78.4,75.5,90.1,208.44,Buy,67.3499984741211
2026-10-04,BALL,Materials (S&P 500),,,,,Buy,56.369998931884766
2026-10-04,BANC,Financials (S&P 600),,,,,Buy,17.739999771118164
2026-10-04,BANF,Financials (S&P 600),,,,,Buy,108.08000183105469
2026-10-04,BANR,Financials (S&P 600),,,,,Hold,67.87999725341797
2026-10-04,BAX,Health Care (S&P 500),,,,,Sell,23.489999771118164
2026-10-04,BBT,Financials (S&P 600),,,,,Buy,28.34000015258789
2026-10-04,BBWI,Consumer Discretionary (S&P 400),89.8,91.0,84.8,486.65,Buy,16.059999465942383
2026-10-04,BBY,Consumer Discretionary (S&P 500),-4.5,-2.0,-14.7,-15.84,Hold,87.97000122070312
2026-10-04,BC,Consumer Discretionary (S&P 400),-25.9,-7.3,-100.0,-22.28,Sell,65.43000030517578
2026-10-04,BCC,Industrials (S&P 600),-12.3,2.4,-71.4,-10.24,Sell,74.98999786376953
2026-10-04,BCO,Industrials (S&P 400),61.1,63.5,51.8,134.13,Buy,101.80000305175781
2026-10-04,BCPC,Materials (S&P 600),21.2,14.4,48.3,6.86,Buy,166.55999755859375
2026-10-04,BDC,Information Technology (S&P 400),5.1,0.4,23.5,-12.9,Hold,112.45999908447266
2026-10-04,BDX,Health Care (S&P 500),59.1,62.0,47.2,126.75,Buy,176.8000030517578
2026-10-04,BEN,Financials (S&P 500),-6.8,16.5,-100.0,10.29,Hold,32.810001373291016
2026-10-04,BF-B,Consumer Staples (S&P 500),36.2,25.4,79.2,24.52,Buy,26.15999984741211
2026-10-04,BFAM,Consumer Discretionary (S&P 600),76.8,73.4,90.3,193.15,Buy,64.26000213623047
2026-10-04,BFH,Financials (S&P 600),,,,,Hold,98.05000305175781
2026-10-04,BFS,Real Estate (S&P 600),,,,,Hold,30.15999984741211
2026-10-04,BG,Consumer Staples (S&P 500),,,,,Sell,106.72000122070312
2026-10-04,BGC,Financials (S&P 600),3.1,8.7,-19.3,-1.86,Hold,11.779999732971191
2026-10-04,BHE,Information Technology (S&P 600),-75.6,-69.5,-100.0,-82.97,Sell,87.38999938964844
2026-10-04,BHF,Financials (S&P 400),,,,,Buy,50.02000045776367
2026-10-04,BIIB,Health Care (S&P 500),27.8,33.0,7.3,38.52,Buy,219.8800048828125
2026-10-04,BILL,Information Technology (S&P 400),47.5,34.5,99.7,41.91,Buy,43.619998931884766
2026-10-04,BIO,Health Care (S&P 400),32.4,31.7,35.0,35.67,Buy,369.1400146484375
2026-10-04,BJ,Consumer Staples (S&P 400),-36.5,-52.2,26.4,-68.44,Sell,94.95999908447266
2026-10-04,BJRI,Consumer Discretionary (S&P 600),-13.2,-31.5,59.7,-48.36,Sell,61.93000030517578
2026-10-04,BKE,Consumer Discretionary (S&P 600),,,,,Sell,42.900001525878906
2026-10-04,BKH,Utilities (S&P 400),,,,,Hold,70.95999908447266
2026-10-04,BKNG,Consumer Discretionary (S&P 500),66.5,66.9,64.8,151.84,Buy,159.02000427246094
2026-10-04,BKR,Energy (S&P 500),17.6,8.4,54.6,-2.29,Buy,56.0
2026-10-04,BKU,Financials (S&P 600),,,,,Buy,43.380001068115234
2026-10-04,BL,Information Technology (S&P 600),94.1,92.6,99.9,577.41,Buy,27.40999984741211
2026-10-04,BLDR,Industrials (S&P 500),-19.4,-24.8,2.2,-41.88,Sell,56.25
2026-10-04,BLFS,Health Care (S&P 600),,,,,Sell,37.29999923706055
2026-10-04,BLK,Financials (S&P 500),-32.2,-38.4,-7.6,-55.57,Sell,1059.6300048828125
2026-10-04,BLKB,Information Technology (S&P 600),68.0,61.2,95.3,122.33,Buy,41.7599983215332
2026-10-04,BMI,Information Technology (S&P 600),,,,,Insufficient Data,127.7699966430664
2026-10-04,BMRN,Health Care (S&P 400),,,,,Buy,57.18000030517578
2026-10-04,BMY,Health Care (S&P 500),66.0,59.8,90.5,115.81,Buy,61.150001525878906
2026-10-04,BNL,Real Estate (S&P 600),41.8,64.5,-49.2,139.49,Buy,18.559999465942383
2026-10-04,BNY,Financials (S&P 500),,,,,Buy,145.39999389648438
2026-10-04,BOH,Financials (S&P 600),,,,,Hold,69.27999877929688
2026-10-04,BOOT,Consumer Discretionary (S&P 600),,,,,Hold,121.87999725341797
2026-10-04,BOX,Information Technology (S&P 600),7.9,-4.8,58.6,-19.26,Buy,34.4900016784668
2026-10-04,BR,Industrials (S&P 500),47.9,37.4,89.7,48.42,Buy,156.92999267578125
2026-10-04,BRC,Industrials (S&P 600),22.0,39.2,-46.6,52.28,Buy,84.77999877929688
2026-10-04,BRK-B,Financials (S&P 500),,,,,Buy,502.6499938964844
2026-10-04,BRKR,Health Care (S&P 400),-82.6,-78.3,-100.0,-92.27,Sell,63.2400016784668
2026-10-04,BRO,Financials (S&P 500),79.4,83.3,63.7,303.97,Buy,59.90999984741211
2026-10-04,BROS,Consumer Discretionary (S&P 400),,,,,Buy,38.66999816894531
2026-10-04,BRX,Real Estate (S&P 400),,,,,Hold,27.389999389648438
2026-10-04,BSX,Health Care (S&P 500),65.5,58.8,92.3,111.97,Buy,42.599998474121094
2026-10-04,BSY,Information Technology (S&P 400),63.0,56.2,90.0,102.91,Buy,32.22999954223633
2026-10-04,BTSG,Health Care (S&P 600),,,,,Sell,60.25
2026-10-04,BTU,Energy (S&P 600),39.3,74.1,-100.0,198.03,Buy,24.809999465942383
2026-10-04,BURL,Consumer Discretionary (S&P 400),-26.0,-51.4,75.5,-67.76,Sell,275.3399963378906
2026-10-04,BWA,Consumer Discretionary (S&P 400),,,,,Sell,60.52000045776367
2026-10-04,BWXT,Industrials (S&P 400),-71.2,-79.9,-36.1,-94.0,Sell,134.86000061035156
2026-10-04,BX,Financials (S&P 500),,,,,Buy,111.75
2026-10-04,BXMT,Financials (S&P 600),,,,,Hold,10.899999618530273
2026-10-04,BXP,Real Estate (S&P 500),,,,,Hold,60.45000076293945
2026-10-04,BYD,Consumer Discretionary (S&P 400),98.8,100.0,93.8,1149.87,Buy,67.25
2026-10-04,C,Financials (S&P 500),,,,,Sell,128.5
2026-10-04,CACC,Financials (S&P 600),,,,,Buy,527.5
2026-10-04,CACI,Industrials (S&P 400),50.8,62.6,3.5,129.63,Buy,615.0399780273438
2026-10-04,CAG,Consumer Staples (S&P 600),83.2,83.9,80.2,315.22,Buy,13.359999656677246
2026-10-04,CAH,Health Care (S&P 500),61.0,77.0,-3.1,219.39,Buy,228.3000030517578
2026-10-04,CAKE,Consumer Discretionary (S&P 600),-44.2,-44.5,-43.0,-61.47,Sell,109.6500015258789
2026-10-04,CALM,Consumer Staples (S&P 600),33.5,33.5,,39.57,Buy,66.66999816894531
2026-10-04,CALX,Information Technology (S&P 600),,,,,Buy,34.810001373291016
2026-10-04,CALY,Consumer Discretionary (S&P 600),,,,,Hold,14.449999809265137
2026-10-04,CAR,Industrials (S&P 400),,,,,Hold,111.22000122070312
2026-10-04,CARG,Communication Services (S&P 600),,,,,Hold,30.020000457763672
2026-10-04,CARR,Industrials (S&P 500),-0.3,-9.9,38.4,-25.42,Hold,55.119998931884766
2026-10-04,CART,Consumer Staples (S&P 400),,,,,Hold,44.25
2026-10-04,CASH,Financials (S&P 600),,,,,Sell,73.95999908447266
2026-10-04,CASY,Consumer Staples (S&P 500),,,,,Sell,617.760009765625
2026-10-04,CAT,Industrials (S&P 500),-75.2,-69.0,-100.0,-82.56,Sell,845.4199829101562
2026-10-04,CATY,Financials (S&P 600),,,,,Sell,60.84000015258789
2026-10-04,CAVA,Consumer Discretionary (S&P 400),,,,,Buy,54.40999984741211
2026-10-04,CB,Financials (S&P 500),,,,,Hold,330.8900146484375
2026-10-04,CBOE,Financials (S&P 500),-29.2,-29.9,-26.3,-46.69,Sell,271.260009765625
2026-10-04,CBRE,Real Estate (S&P 500),,,,,Sell,129.5800018310547
2026-10-04,CBSH,Financials (S&P 400),,,,,Buy,55.279998779296875
2026-10-04,CBT,Materials (S&P 400),50.8,45.6,71.6,68.96,Buy,76.94999694824219
2026-10-04,CCI,Real Estate (S&P 500),,,,,Hold,66.44000244140625
2026-10-04,CCK,Materials (S&P 400),51.0,50.5,53.1,82.58,Buy,106.05000305175781
2026-10-04,CCL,Consumer Discretionary (S&P 500),82.2,86.8,64.0,368.46,Buy,25.760000228881836
2026-10-04,CDE,Materials (S&P 400),-24.1,-52.3,88.7,-68.48,Sell,17.65999984741211
2026-10-04,CDNS,Information Technology (S&P 500),-62.2,-79.7,7.8,-93.76,Sell,351.3500061035156
2026-10-04,CDP,Real Estate (S&P 400),56.8,52.9,72.6,90.99,Buy,33.56999969482422
2026-10-04,CDW,Information Technology (S&P 500),39.6,31.0,74.0,34.14,Buy,133.2899932861328
2026-10-04,CEG,Utilities (S&P 500),-52.9,-72.7,26.7,-86.34,Sell,257.489990234375
2026-10-04,CELH,Consumer Staples (S&P 400),-11.8,-38.2,93.7,-55.41,Sell,26.75
2026-10-04,CF,Materials (S&P 500),4.9,16.5,-41.6,10.2,Hold,115.01000213623047
2026-10-04,CFG,Financials (S&P 500),,,,,Sell,64.33000183105469
2026-10-04,CFR,Financials (S&P 400),,,,,Buy,155.0399932861328
2026-10-04,CG,Financials (S&P 400),,,,,Buy,39.81999969482422
2026-10-04,CGNX,Information Technology (S&P 400),,,,,Sell,64.97000122070312
2026-10-04,CHD,Consumer Staples (S&P 500),29.2,18.9,70.4,14.06,Buy,94.30999755859375
2026-10-04,CHDN,Consumer Discretionary (S&P 400),58.5,52.8,81.4,90.69,Buy,76.05000305175781
2026-10-04,CHE,Health Care (S&P 400),32.3,26.1,57.2,25.63,Buy,507.5
2026-10-04,CHH,Consumer Discretionary (S&P 400),62.7,62.7,62.4,130.33,Buy,102.5
2026-10-04,CHRD,Energy (S&P 400),47.8,77.9,-72.3,226.2,Buy,137.00999450683594
2026-10-04,CHRW,Industrials (S&P 500),-67.6,-71.4,-52.5,-84.91,Sell,157.72000122070312
2026-10-04,CHTR,Communication Services (S&P 500),90.0,93.5,76.0,627.78,Buy,109.29000091552734
2026-10-04,CHWY,Consumer Discretionary (S&P 400),-9.8,-35.3,92.2,-52.35,Sell,18.170000076293945
2026-10-04,CI,Health Care (S&P 500),81.4,83.0,74.8,298.71,Buy,270.5299987792969
2026-10-04,CIEN,Information Technology (S&P 500),-85.5,-81.9,-100.0,-97.4,Sell,391.3399963378906
2026-10-04,CINF,Financials (S&P 500),,,,,Sell,161.9499969482422
2026-10-04,CL,Consumer Staples (S&P 500),36.1,40.6,18.3,55.6,Buy,84.26000213623047
2026-10-04,CLF,Materials (S&P 400),3.7,10.1,-21.8,0.03,Hold,11.319999694824219
2026-10-04,CLH,Industrials (S&P 400),-44.1,-41.1,-56.2,-58.35,Sell,318.510009765625
2026-10-04,CLX,Consumer Staples (S&P 500),58.5,50.4,90.6,82.26,Buy,80.41000366210938
2026-10-04,CMC,Materials (S&P 400),,,,,Sell,63.58000183105469
2026-10-04,CMCSA,Communication Services (S&P 500),88.4,88.9,86.4,407.64,Buy,21.56999969482422
2026-10-04,CME,Financials (S&P 500),33.0,37.2,16.1,47.99,Buy,263.1400146484375
2026-10-04,CMG,Consumer Discretionary (S&P 500),,,,,Buy,32.36000061035156
2026-10-04,CMI,Industrials (S&P 500),-52.5,-54.0,-46.3,-69.96,Sell,528.3200073242188
2026-10-04,CMS,Utilities (S&P 500),,,,,Hold,63.7400016784668
2026-10-04,CNC,Health Care (S&P 500),89.6,89.6,89.8,420.42,Buy,62.9900016784668
2026-10-04,CNH,Industrials (S&P 400),26.9,50.2,-66.0,81.41,Buy,13.470000267028809
2026-10-04,CNM,Industrials (S&P 400),46.5,51.6,26.1,86.24,Buy,41.349998474121094
2026-10-04,CNO,Financials (S&P 400),,,,,Sell,53.86000061035156
2026-10-04,CNP,Utilities (S&P 500),,,,,Sell,37.790000915527344
2026-10-04,CNX,Energy (S&P 400),31.8,16.7,92.0,10.58,Buy,31.5
2026-10-04,COF,Financials (S&P 500),,,,,Sell,194.72000122070312
2026-10-04,COHR,Information Technology (S&P 500),,,,,Sell,337.0400085449219
2026-10-04,COIN,Financials (S&P 500),,,,,Buy,183.0
2026-10-04,COKE,Consumer Staples (S&P 400),-1.7,15.7,-71.0,8.94,Hold,192.0399932861328
2026-10-04,COLB,Financials (S&P 400),,,,,Sell,28.920000076293945
2026-10-04,COLM,Consumer Discretionary (S&P 400),,,,,Buy,57.27000045776367
2026-10-04,COO,Health Care (S&P 500),,,,,Buy,56.90999984741211
2026-10-04,COP,Energy (S&P 500),3.1,13.9,-40.1,6.14,Hold,126.75
2026-10-04,COR,Health Care (S&P 500),33.7,55.2,-52.2,99.28,Buy,309.04998779296875
2026-10-04,COST,Consumer Staples (S&P 500),-25.8,-30.2,-8.2,-47.03,Sell,920.6500244140625
2026-10-04,CPAY,Financials (S&P 500),48.0,60.6,-2.2,119.25,Buy,394.6000061035156
2026-10-04,CPRI,Consumer Discretionary (S&P 400),,,,,Hold,14.4399995803833
2026-10-04,CPRT,Industrials (S&P 500),,,,,Buy,27.219999313354492
2026-10-04,CPT,Real Estate (S&P 500),53.9,55.9,45.9,101.9,Buy,95.95999908447266
2026-10-04,CR,Industrials (S&P 400),,,,,Sell,208.1999969482422
2026-10-04,CRBG,Financials (S&P 400),,,,,Sell,34.029998779296875
2026-10-04,CRH,Materials (S&P 500),34.1,38.6,16.3,50.94,Buy,81.94000244140625
2026-10-04,CRL,Health Care (S&P 500),-82.5,-78.1,-100.0,-92.07,Sell,290.19000244140625
2026-10-04,CRM,Information Technology (S&P 500),,,,,Buy,234.69000244140625
2026-10-04,CROX,Consumer Discretionary (S&P 400),-73.0,-66.2,-100.0,-80.16,Sell,118.08999633789062
2026-10-04,CRS,Industrials (S&P 400),-58.9,-61.4,-49.0,-76.13,Sell,388.4700012207031
2026-10-04,CRUS,Information Technology (S&P 400),10.0,-5.3,71.4,-19.87,Buy,121.16999816894531
2026-10-04,CRWD,Information Technology (S&P 500),,,,,Sell,270.0400085449219
2026-10-04,CSCO,Information Technology (S&P 500),-35.4,-19.3,-100.0,-36.42,Sell,112.19999694824219
2026-10-04,CSGP,Real Estate (S&P 500),,,,,Buy,27.3799991607666
2026-10-04,CSL,Industrials (S&P 400),-19.8,-29.9,21.0,-46.75,Sell,329.3399963378906
2026-10-04,CSX,Industrials (S&P 500),-19.8,-13.8,-43.8,-29.94,Sell,47.43000030517578
2026-10-04,CTAS,Industrials (S&P 500),27.3,21.7,49.9,18.56,Buy,193.02000427246094
2026-10-04,CTRE,Real Estate (S&P 400),71.7,71.6,72.0,179.64,Buy,36.29999923706055
2026-10-04,CTSH,Information Technology (S&P 500),72.2,71.0,77.1,174.92,Buy,58.5099983215332
2026-10-04,CTVA,Materials (S&P 500),92.6,91.3,97.6,504.55,Buy,11.920000076293945
2026-10-04,CUBE,Real Estate (S&P 400),,,,,Hold,37.52000045776367
2026-10-04,CUZ,Real Estate (S&P 400),,,,,Hold,28.010000228881836
2026-10-04,CVLT,Information Technology (S&P 400),,,,,Hold,150.27999877929688
2026-10-04,CVNA,Consumer Discretionary (S&P 500),,,,,Sell,63.77000045776367
2026-10-04,CVS,Health Care (S&P 500),45.7,75.5,-73.4,208.15,Buy,86.45999908447266
2026-10-04,CVX,Energy (S&P 500),-11.9,10.1,-100.0,0.04,Sell,206.69000244140625
2026-10-04,CW,Industrials (S&P 400),-38.4,-31.9,-64.2,-48.79,Sell,545.6400146484375
2026-10-04,CXT,Information Technology (S&P 400),-8.4,-8.0,-9.7,-23.15,Sell,48.779998779296875
2026-10-04,CYTK,Health Care (S&P 400),,,,,Buy,65.5999984741211
2026-10-04,D,Utilities (S&P 500),,,,,Buy,61.310001373291016
2026-10-04,DAL,Industrials (S&P 500),15.0,10.8,31.8,1.21,Buy,84.08999633789062
2026-10-04,DAR,Consumer Staples (S&P 400),-25.8,-11.1,-84.7,-26.74,Sell,62.939998626708984
2026-10-04,DASH,Consumer Discretionary (S&P 500),-43.3,-78.7,98.2,-92.67,Sell,189.14999389648438
2026-10-04,DBX,Information Technology (S&P 400),81.4,81.2,82.1,263.98,Buy,33.900001525878906
2026-10-04,DCI,Industrials (S&P 400),0.9,8.7,-30.1,-1.86,Hold,88.6500015258789
2026-10-04,DD,Materials (S&P 500),-39.0,-52.9,16.9,-69.04,Sell,129.97999572753906
2026-10-04,DDOG,Information Technology (S&P 500),,,,,Buy,277.2200012207031
2026-10-04,DE,Industrials (S&P 500),-75.8,-75.0,-79.0,-88.71,Sell,687.0
2026-10-04,DECK,Consumer Discretionary (S&P 500),75.6,71.3,92.5,177.34,Buy,79.12000274658203
2026-10-04,DELL,Information Technology (S&P 500),-80.5,-75.6,-100.0,-89.37,Sell,562.52001953125
2026-10-04,DG,Consumer Staples (S&P 500),36.0,31.8,52.8,35.94,Buy,118.94000244140625
2026-10-04,DGX,Health Care (S&P 500),23.3,36.4,-29.2,46.07,Buy,233.3300018310547
2026-10-04,DHI,Consumer Discretionary (S&P 500),,,,,Sell,135.0
2026-10-04,DHR,Health Care (S&P 500),-26.2,-34.4,6.6,-51.43,Sell,214.05999755859375
2026-10-04,DINO,Energy (S&P 400),-2.3,22.2,-100.0,19.32,Hold,113.36000061035156
2026-10-04,DIS,Communication Services (S&P 500),49.5,41.8,80.6,58.78,Buy,102.19000244140625
2026-10-04,DKS,Consumer Discretionary (S&P 400),8.4,-3.3,55.6,-17.51,Buy,136.0800018310547
2026-10-04,DLB,Information Technology (S&P 400),37.4,27.9,75.7,28.51,Buy,58.88999938964844
2026-10-04,DLR,Real Estate (S&P 500),,,,,Hold,178.5500030517578
2026-10-04,DLTR,Consumer Staples (S&P 500),66.3,66.2,67.1,147.85,Buy,112.16000366210938
2026-10-04,DOC,Real Estate (S&P 500),,,,,Hold,19.489999771118164
2026-10-04,DOCN,Information Technology (S&P 400),-20.4,-28.1,10.4,-45.02,Sell,140.07000732421875
2026-10-04,DOCS,Health Care (S&P 400),,,,,Buy,27.93000030517578
2026-10-04,DOCU,Information Technology (S&P 400),12.2,-9.7,99.8,-25.1,Buy,69.01000213623047
2026-10-04,DOV,Industrials (S&P 500),-33.4,-44.5,10.9,-61.47,Sell,189.69000244140625
2026-10-04,DOW,Materials (S&P 500),-1.8,22.8,-100.0,20.23,Hold,27.969999313354492
2026-10-04,DPZ,Consumer Discretionary (S&P 500),56.0,50.7,77.3,83.1,Buy,297.6199951171875
2026-10-04,DRI,Consumer Discretionary (S&P 500),64.1,69.5,42.6,164.98,Buy,200.3300018310547
2026-10-04,DT,Information Technology (S&P 400),,,,,Buy,59.31999969482422
2026-10-04,DTE,Utilities (S&P 500),,,,,Hold,124.44999694824219
2026-10-04,DTM,Energy (S&P 400),-62.8,-69.8,-34.7,-83.23,Sell,121.0
2026-10-04,DUK,Utilities (S&P 500),-16.1,-31.3,44.7,-48.18,Sell,114.12999725341797
2026-10-04,DUOL,Consumer Discretionary (S&P 400),,,,,Buy,144.27000427246094
2026-10-04,DVA,Health Care (S&P 500),68.6,80.5,21.2,250.8,Buy,178.69000244140625
2026-10-04,DVN,Energy (S&P 500),9.2,14.9,-13.2,7.62,Buy,47.650001525878906
2026-10-04,DXCM,Health Care (S&P 500),43.0,30.7,92.2,33.51,Buy,85.36000061035156
2026-10-04,DY,Industrials (S&P 400),,,,,Sell,273.75
2026-10-04,EA,Communication Services (S&P 500),-52.7,-52.7,,-68.85,Sell,209.6999969482422
2026-10-04,EBAY,Consumer Discretionary (S&P 500),35.6,66.3,-87.3,148.7,Buy,106.4000015258789
2026-10-04,ECHO,Communication Services (S&P 500),-36.8,-21.0,-100.0,-38.26,Sell,94.25
2026-10-04,ECL,Materials (S&P 500),8.5,8.4,8.7,-2.18,Buy,273.70001220703125
2026-10-04,ED,Utilities (S&P 500),-54.5,-73.0,19.2,-86.6,Sell,103.38999938964844
2026-10-04,EEFT,Financials (S&P 400),98.1,100.0,90.4,1125.81,Buy,63.5
2026-10-04,EFX,Industrials (S&P 500),52.2,43.4,87.5,63.15,Buy,140.0
2026-10-04,EG,Financials (S&P 500),,,,,Hold,368.2699890136719
2026-10-04,EGP,Real Estate (S&P 400),,,,,Sell,195.77999877929688
2026-10-04,EHC,Health Care (S&P 400),39.6,43.9,22.4,64.4,Buy,119.80000305175781
2026-10-04,EIX,Utilities (S&P 500),60.0,52.5,90.4,89.48,Buy,53.88999938964844
2026-10-04,EL,Consumer Staples (S&P 500),,,,,Buy,91.97000122070312
2026-10-04,ELAN,Health Care (S&P 400),-12.7,9.1,-100.0,-1.29,Sell,22.139999389648438
2026-10-04,ELF,Consumer Staples (S&P 400),,,,,Hold,104.68000030517578
2026-10-04,ELS,Real Estate (S&P 400),12.7,1.4,57.9,-11.6,Buy,58.25
2026-10-04,ELV,Health Care (S&P 500),,,,,Hold,386.42999267578125
2026-10-04,EME,Industrials (S&P 500),-23.2,-12.8,-64.6,-28.83,Sell,786.6099853515625
2026-10-04,EMR,Industrials (S&P 500),-48.1,-46.6,-54.0,-63.48,Sell,161.61000061035156
2026-10-04,ENS,Industrials (S&P 400),-53.3,-51.5,-60.4,-67.87,Sell,196.3000030517578
2026-10-04,ENSG,Health Care (S&P 400),31.9,33.7,24.7,40.21,Buy,171.77999877929688
2026-10-04,ENTG,Information Technology (S&P 400),,,,,Sell,166.47000122070312
2026-10-04,EOG,Energy (S&P 500),-4.7,7.8,-54.6,-3.03,Hold,141.3800048828125
2026-10-04,EPR,Real Estate (S&P 400),,,,,Hold,56.45000076293945
2026-10-04,EQH,Financials (S&P 400),,,,,Buy,52.63999938964844
2026-10-04,EQIX,Real Estate (S&P 500),,,,,Hold,1025.719970703125
2026-10-04,EQR,Real Estate (S&P 500),37.5,37.5,,48.55,Buy,63.65999984741211
2026-10-04,EQT,Energy (S&P 500),18.6,21.6,6.3,18.39,Buy,50.16999816894531
2026-10-04,ERIE,Financials (S&P 500),,,,,Insufficient Data,221.08999633789062
2026-10-04,ES,Utilities (S&P 500),,,,,Buy,64.5
2026-10-04,ESAB,Industrials (S&P 400),-3.9,-20.9,63.9,-38.12,Hold,69.9000015258789
2026-10-04,ESNT,Financials (S&P 400),,,,,Sell,60.220001220703125
2026-10-04,ESS,Real Estate (S&P 500),52.6,56.6,37.0,104.12,Buy,268.6499938964844
2026-10-04,ETN,Industrials (S&P 500),-47.8,-48.9,-43.2,-65.61,Sell,436.1099853515625
2026-10-04,ETR,Utilities (S&P 500),,,,,Sell,100.91000366210938
2026-10-04,EVR,Financials (S&P 400),,,,,Hold,261.67999267578125
2026-10-04,EVRG,Utilities (S&P 500),,,,,Sell,79.16999816894531
2026-10-04,EW,Health Care (S&P 500),,,,,Buy,85.1500015258789
2026-10-04,EWBC,Financials (S&P 400),,,,,Sell,126.20999908447266
2026-10-04,EXC,Utilities (S&P 500),,,,,Hold,40.72999954223633
2026-10-04,EXE,Energy (S&P 500),88.9,88.0,92.3,392.09,Buy,85.5199966430664
2026-10-04,EXEL,Health Care (S&P 400),,,,,Sell,58.38999938964844
2026-10-04,EXLS,Industrials (S&P 400),66.8,64.3,77.0,138.26,Buy,35.75
2026-10-04,EXP,Materials (S&P 400),28.5,20.3,61.4,16.27,Buy,171.36000061035156
2026-10-04,EXPD,Industrials (S&P 500),-43.9,-35.7,-76.9,-52.79,Sell,192.47000122070312
2026-10-04,EXPE,Consumer Discretionary (S&P 500),44.4,55.2,1.2,99.12,Buy,265.0
2026-10-04,EXPO,Industrials (S&P 400),,,,,Buy,67.30000305175781
2026-10-04,EXR,Real Estate (S&P 500),82.8,90.1,53.5,435.53,Buy,133.25
2026-10-04,F,Consumer Discretionary (S&P 500),60.0,100.0,-100.0,1062.45,Buy,12.100000381469727
2026-10-04,FAF,Financials (S&P 400),,,,,Buy,62.4900016784668
2026-10-04,FANG,Energy (S&P 500),,,,,Sell,184.7100067138672
2026-10-04,FAST,Industrials (S&P 500),-26.5,-17.5,-62.6,-34.3,Sell,50.75
2026-10-04,FBIN,Industrials (S&P 400),-23.0,-43.0,57.2,-60.13,Sell,38.560001373291016
2026-10-04,FCFS,Financials (S&P 400),33.1,59.7,-73.1,115.21,Buy,210.36000061035156
2026-10-04,FCN,Industrials (S&P 400),80.7,79.8,84.2,240.38,Buy,136.39999389648438
2026-10-04,FCX,Materials (S&P 500),-70.9,-68.8,-79.4,-82.36,Sell,72.04000091552734
2026-10-04,FDS,Financials (S&P 500),81.8,79.5,91.0,238.24,Buy,266.0
2026-10-04,FDX,Industrials (S&P 500),-0.9,4.6,-22.8,-7.34,Hold,290.3599853515625
2026-10-04,FDXF,Industrials (S&P 500),,,,,Insufficient Data,112.88999938964844
2026-10-04,FE,Utilities (S&P 500),,,,,Hold,43.34000015258789
2026-10-04,FFIN,Financials (S&P 400),,,,,Buy,32.150001525878906
2026-10-04,FFIV,Information Technology (S&P 500),,,,,Sell,454.0400085449219
2026-10-04,FHI,Financials (S&P 400),73.3,81.7,39.7,272.97,Buy,56.06999969482422
2026-10-04,FHN,Financials (S&P 400),,,,,Hold,23.420000076293945
2026-10-04,FICO,Information Technology (S&P 500),76.3,72.5,91.3,186.43,Buy,661.25
2026-10-04,FIS,Financials (S&P 500),82.2,80.1,90.8,244.01,Buy,32.439998626708984
2026-10-04,FISV,Financials (S&P 500),93.3,93.4,92.9,620.64,Buy,44.36000061035156
2026-10-04,FITB,Financials (S&P 500),,,,,Hold,50.869998931884766
2026-10-04,FIVE,Consumer Discretionary (S&P 400),,,,,Hold,221.19000244140625
2026-10-04,FIX,Industrials (S&P 500),-51.8,-39.7,-100.0,-57.03,Sell,1728.010009765625
2026-10-04,FLEX,Information Technology (S&P 500),-77.1,-71.3,-100.0,-84.84,Sell,116.61000061035156
2026-10-04,FLG,Financials (S&P 400),,,,,Buy,11.699999809265137
2026-10-04,FLR,Industrials (S&P 400),,,,,Sell,49.900001525878906
2026-10-04,FLS,Industrials (S&P 400),-16.9,-33.6,49.8,-50.58,Sell,74.37000274658203
2026-10-04,FN,Information Technology (S&P 400),-62.6,-73.6,-18.8,-87.25,Sell,463.69000244140625
2026-10-04,FNB,Financials (S&P 400),,,,,Hold,17.450000762939453
2026-10-04,FND,Consumer Discretionary (S&P 400),,,,,Buy,45.4900016784668
2026-10-04,FNF,Financials (S&P 400),,,,,Buy,39.2599983215332
2026-10-04,FOUR,Financials (S&P 400),98.6,100.0,93.1,1333.51,Buy,36.16999816894531
2026-10-04,FOX,Communication Services (S&P 500),30.3,44.0,-24.7,64.71,Buy,55.88999938964844
2026-10-04,FOXA,Communication Services (S&P 500),23.3,37.2,-32.3,47.81,Buy,62.279998779296875
2026-10-04,FR,Real Estate (S&P 400),,,,,Sell,59.459999084472656
2026-10-04,FRT,Real Estate (S&P 500),,,,,Hold,106.69000244140625
2026-10-04,FSLR,Information Technology (S&P 500),,,,,Buy,174.61000061035156
2026-10-04,FTI,Energy (S&P 400),32.3,65.4,-100.0,143.85,Buy,68.81999969482422
2026-10-04,FTNT,Information Technology (S&P 500),-47.7,-42.2,-69.9,-59.31,Sell,180.9499969482422
2026-10-04,FTV,Industrials (S&P 500),-32.8,-52.3,45.3,-68.49,Sell,57.470001220703125
2026-10-04,G,Industrials (S&P 400),74.7,72.9,82.3,188.76,Buy,33.290000915527344
2026-10-04,GAP,Consumer Discretionary (S&P 400),36.5,23.5,88.7,21.41,Buy,22.510000228881836
2026-10-04,GATX,Industrials (S&P 400),,,,,Sell,171.02999877929688
2026-10-04,GBCI,Financials (S&P 400),,,,,Buy,43.90999984741211
2026-10-04,GD,Industrials (S&P 500),41.8,47.1,20.7,72.89,Buy,330.0899963378906
2026-10-04,GDDY,Information Technology (S&P 500),81.5,79.2,91.1,235.65,Buy,97.20999908447266
2026-10-04,GE,Industrials (S&P 500),8.8,30.3,-77.3,32.5,Buy,309.55999755859375
2026-10-04,GEF,Materials (S&P 400),-14.8,-0.8,-70.9,-14.42,Sell,82.18000030517578
2026-10-04,GEHC,Health Care (S&P 500),46.9,41.4,68.8,57.77,Buy,64.29000091552734
2026-10-04,GEN,Information Technology (S&P 500),89.8,90.8,85.8,475.67,Buy,21.989999771118164
2026-10-04,GEV,Industrials (S&P 500),-81.4,-76.7,-100.0,-90.61,Sell,988.7000122070312
2026-10-04,GGG,Industrials (S&P 400),10.2,-1.6,57.6,-15.44,Buy,78.0
2026-10-04,GHC,Consumer Discretionary (S&P 400),20.4,35.0,-38.0,42.99,Buy,1149.6099853515625
2026-10-04,GILD,Health Care (S&P 500),37.5,24.7,88.6,23.43,Buy,144.74000549316406
2026-10-04,GIS,Consumer Staples (S&P 500),,,,,Sell,32.0099983215332
2026-10-04,GL,Financials (S&P 500),,,,,Sell,165.67999267578125
2026-10-04,GLPI,Real Estate (S&P 400),72.6,77.6,52.3,224.11,Buy,37.68000030517578
2026-10-04,GLW,Information Technology (S&P 500),-85.9,-82.4,-100.0,-98.21,Sell,164.19000244140625
2026-10-04,GM,Consumer Discretionary (S&P 500),,,,,Sell,78.2699966430664
2026-10-04,GME,Consumer Discretionary (S&P 400),,,,,Sell,24.700000762939453
2026-10-04,GMED,Health Care (S&P 400),,,,,Buy,75.5999984741211
2026-10-04,GNRC,Industrials (S&P 500),,,,,Sell,216.8000030517578
2026-10-04,GNTX,Consumer Discretionary (S&P 400),,,,,Insufficient Data,22.079999923706055
2026-10-04,GOOG,Communication Services (S&P 500),-27.7,-23.0,-46.5,-40.11,Sell,340.3500061035156
2026-10-04,GOOGL,Communication Services (S&P 500),-29.4,-24.5,-49.0,-41.62,Sell,343.5
2026-10-04,GPC,Consumer Discretionary (S&P 500),-54.9,-43.6,-100.0,-60.66,Sell,127.23999786376953
2026-10-04,GPK,Materials (S&P 400),31.7,22.3,69.3,19.55,Buy,8.779999732971191
2026-10-04,GPN,Financials (S&P 500),,,,,Buy,78.37999725341797
2026-10-04,GRMN,Consumer Discretionary (S&P 500),,,,,Sell,281.1600036621094
2026-10-04,GS,Financials (S&P 500),,,,,Sell,902.5599975585938
2026-10-04,GWRE,Information Technology (S&P 400),,,,,Buy,152.14999389648438
2026-10-04,GWW,Industrials (S&P 500),-15.0,-4.9,-55.5,-19.4,Sell,1280.300048828125
2026-10-04,GXO,Industrials (S&P 400),25.9,25.9,26.2,25.24,Buy,46.560001373291016
2026-10-04,H,Consumer Discretionary (S&P 400),-77.8,-76.0,-84.6,-89.86,Sell,158.89999389648438
2026-10-04,HAE,Health Care (S&P 400),-6.2,-0.3,-29.7,-13.84,Hold,104.68000030517578
2026-10-04,HAL,Energy (S&P 500),29.5,39.4,-10.2,52.77,Buy,31.850000381469727
2026-10-04,HALO,Health Care (S&P 400),26.6,46.0,-51.2,70.16,Buy,109.86000061035156
2026-10-04,HAS,Consumer Discretionary (S&P 500),-68.7,-60.9,-100.0,-75.68,Sell,89.54000091552734
2026-10-04,HBAN,Financials (S&P 500),,,,,Sell,15.329999923706055
2026-10-04,HCA,Health Care (S&P 500),67.4,81.4,11.5,267.22,Buy,426.69000244140625
2026-10-04,HD,Consumer Discretionary (S&P 500),42.3,40.1,51.0,54.44,Buy,282.8500061035156
2026-10-04,HGV,Consumer Discretionary (S&P 400),,,,,Sell,34.86000061035156
2026-10-04,HIG,Financials (S&P 500),,,,,Hold,126.05000305175781
2026-10-04,HII,Industrials (S&P 500),-12.5,-18.6,11.7,-35.63,Sell,268.5400085449219
2026-10-04,HIMS,Health Care (S&P 400),,,,,Buy,29.0
2026-10-04,HL,Materials (S&P 400),-42.8,-71.7,72.4,-85.18,Sell,17.200000762939453
2026-10-04,HLI,Financials (S&P 400),,,,,Buy,126.37000274658203
2026-10-04,HLNE,Financials (S&P 400),75.3,71.6,90.1,179.7,Buy,87.04000091552734
2026-10-04,HLT,Consumer Discretionary (S&P 500),17.4,28.3,-26.6,29.24,Buy,319.3599853515625
2026-10-04,HOG,Consumer Discretionary (S&P 400),,,,,Buy,24.549999237060547
2026-10-04,HOMB,Financials (S&P 400),,,,,Hold,28.670000076293945
2026-10-04,HON,Industrials (S&P 500),33.5,41.0,3.6,56.77,Buy,213.99000549316406
2026-10-04,HONA,Industrials (S&P 500),5.0,5.0,,-6.85,Hold,154.6300048828125
2026-10-04,HOOD,Financials (S&P 500),,,,,Sell,112.73999786376953
2026-10-04,HPE,Information Technology (S&P 500),,,,,Sell,69.33000183105469
2026-10-04,HPQ,Information Technology (S&P 500),40.2,52.2,-7.7,88.47,Buy,32.119998931884766
2026-10-04,HQY,Health Care (S&P 400),8.7,-11.4,89.0,-27.11,Buy,90.04000091552734
2026-10-04,HR,Real Estate (S&P 400),,,,,Buy,17.469999313354492
2026-10-04,HRB,Consumer Discretionary (S&P 400),86.2,91.0,67.0,488.35,Buy,41.68000030517578
2026-10-04,HRL,Consumer Staples (S&P 500),25.4,20.5,44.7,16.64,Buy,20.25
2026-10-04,HSIC,Health Care (S&P 500),35.0,37.6,24.3,48.83,Buy,84.87999725341797
2026-10-04,HST,Real Estate (S&P 500),45.0,59.0,-11.0,112.68,Buy,22.559999465942383
2026-10-04,HSY,Consumer Staples (S&P 500),-40.1,-44.7,-21.8,-61.64,Sell,160.19000244140625
2026-10-04,HUBB,Industrials (S&P 500),-16.9,-19.5,-6.2,-36.73,Sell,475.5199890136719
2026-10-04,HUM,Health Care (S&P 500),,,,,Sell,388.3599853515625
2026-10-04,HWC,Financials (S&P 400),,,,,Sell,73.08999633789062
2026-10-04,HWM,Industrials (S&P 500),-44.1,-30.1,-100.0,-46.94,Sell,231.27000427246094
2026-10-04,HXL,Industrials (S&P 400),-39.9,-43.3,-26.1,-60.39,Sell,86.41000366210938
2026-10-04,IBKR,Financials (S&P 500),11.3,39.1,-100.0,52.17,Buy,88.30000305175781
2026-10-04,IBM,Information Technology (S&P 500),50.7,44.3,75.9,65.67,Buy,222.63999938964844
2026-10-04,IBOC,Financials (S&P 400),,,,,Sell,69.83999633789062
2026-10-04,ICE,Financials (S&P 500),77.4,79.9,67.5,240.94,Buy,150.14999389648438
2026-10-04,IDA,Utilities (S&P 400),,,,,Sell,132.7899932861328
2026-10-04,IDCC,Information Technology (S&P 400),50.3,82.7,-79.3,291.71,Buy,335.1300048828125
2026-10-04,IDXX,Health Care (S&P 500),1.4,-14.3,64.0,-30.56,Hold,518.3900146484375
2026-10-04,IEX,Industrials (S&P 500),-25.8,-32.0,-1.2,-48.85,Sell,232.99000549316406
2026-10-04,IFF,Materials (S&P 500),-36.7,-20.9,-100.0,-38.15,Sell,82.41999816894531
2026-10-04,ILMN,Health Care (S&P 400),-58.2,-55.1,-71.0,-70.8,Sell,273.0400085449219
2026-10-04,INCY,Health Care (S&P 500),76.5,73.0,90.7,189.63,Buy,115.30000305175781
2026-10-04,INGR,Consumer Staples (S&P 400),37.6,31.9,60.8,36.02,Buy,95.33000183105469
2026-10-04,INTC,Information Technology (S&P 500),,,,,Sell,119.33000183105469
2026-10-04,INTU,Information Technology (S&P 500),68.2,61.9,93.7,125.87,Buy,281.0799865722656
2026-10-04,IP,Materials (S&P 500),,,,,Hold,31.969999313354492
2026-10-04,IPGP,Information Technology (S&P 400),,,,,Sell,84.05000305175781
2026-10-04,IQV,Health Care (S&P 500),19.0,15.9,31.6,9.27,Buy,258.2099914550781
2026-10-04,IR,Industrials (S&P 500),-18.0,-31.2,35.2,-48.11,Sell,76.06999969482422
2026-10-04,IRM,Real Estate (S&P 500),,,,,Sell,113.38999938964844
2026-10-04,IRT,Real Estate (S&P 400),,,,,Buy,14.510000228881836
2026-10-04,ISRG,Health Care (S&P 500),,,,,Insufficient Data,391.95001220703125
2026-10-04,IT,Information Technology (S&P 500),47.2,35.7,93.1,44.59,Buy,184.8000030517578
2026-10-04,ITT,Industrials (S&P 400),-70.1,-74.0,-54.4,-87.72,Sell,206.1699981689453
2026-10-04,ITW,Industrials (S&P 500),13.0,13.5,11.3,5.39,Buy,262.9200134277344
2026-10-04,IVZ,Financials (S&P 500),,,,,Sell,30.65999984741211
2026-10-04,JAZZ,Health Care (S&P 400),-26.2,-24.9,-31.5,-41.98,Sell,235.6699981689453
2026-10-04,JBHT,Industrials (S&P 500),-55.2,-59.9,-36.5,-74.8,Sell,234.1999969482422
2026-10-04,JBL,Information Technology (S&P 500),-79.5,-74.4,-100.0,-88.1,Sell,304.4100036621094
2026-10-04,JCI,Industrials (S&P 500),-33.7,-24.5,-70.3,-41.62,Sell,156.24000549316406
2026-10-04,JEF,Financials (S&P 400),73.5,77.6,56.9,224.32,Buy,45.970001220703125
2026-10-04,JKHY,Financials (S&P 500),35.5,23.8,82.6,21.88,Buy,142.5399932861328
2026-10-04,JLL,Real Estate (S&P 400),,,,,Hold,306.80999755859375
2026-10-04,JNJ,Health Care (S&P 500),41.1,43.9,29.9,64.52,Buy,256.0299987792969
2026-10-04,JPM,Financials (S&P 500),,,,,Sell,332.3800048828125
2026-10-04,KBH,Consumer Discretionary (S&P 400),,,,,Sell,45.75
2026-10-04,KBR,Industrials (S&P 400),85.8,82.9,97.1,296.68,Buy,34.2400016784668
2026-10-04,KD,Information Technology (S&P 400),93.3,93.4,92.7,622.98,Buy,11.5600004196167
2026-10-04,KDP,Consumer Staples (S&P 500),50.5,45.9,69.1,69.81,Buy,30.3700008392334
2026-10-04,KEX,Industrials (S&P 400),36.8,35.8,40.6,44.81,Buy,137.8699951171875
2026-10-04,KEY,Financials (S&P 500),,,,,Buy,20.079999923706055
2026-10-04,KEYS,Information Technology (S&P 500),-79.1,-73.8,-100.0,-87.51,Sell,384.6400146484375
2026-10-04,KHC,Consumer Staples (S&P 500),,,,,Buy,22.190000534057617
2026-10-04,KIM,Real Estate (S&P 500),,,,,Buy,22.239999771118164
2026-10-04,KKR,Financials (S&P 500),,,,,Buy,90.29000091552734
2026-10-04,KLAC,Information Technology (S&P 500),-76.0,-73.4,-86.0,-87.08,Sell,206.88999938964844
2026-10-04,KMB,Consumer Staples (S&P 500),6.1,-6.0,54.2,-20.66,Hold,94.36000061035156
2026-10-04,KMI,Energy (S&P 500),,,,,Sell,31.06999969482422
2026-10-04,KNF,Materials (S&P 400),,,,,Buy,50.33000183105469
2026-10-04,KNSL,Financials (S&P 400),,,,,Buy,329.7200012207031
2026-10-04,KNX,Industrials (S&P 400),-67.3,-71.7,-49.8,-85.25,Sell,66.76000213623047
2026-10-04,KO,Consumer Staples (S&P 500),1.1,2.1,-2.7,-10.73,Hold,85.6500015258789
2026-10-04,KR,Consumer Staples (S&P 500),-32.5,-30.4,-41.3,-47.17,Sell,59.029998779296875
2026-10-04,KRC,Real Estate (S&P 400),,,,,Hold,33.630001068115234
2026-10-04,KRG,Real Estate (S&P 400),72.2,71.5,75.1,178.67,Buy,24.389999389648438
2026-10-04,KTOS,Industrials (S&P 400),,,,,Sell,43.06999969482422
2026-10-04,KVUE,Consumer Staples (S&P 500),55.8,53.6,64.5,93.6,Buy,17.200000762939453
2026-10-04,L,Financials (S&P 500),,,,,Hold,106.02999877929688
2026-10-04,LAD,Consumer Discretionary (S&P 400),75.8,95.2,-1.5,722.99,Buy,307.7699890136719
2026-10-04,LAMR,Real Estate (S&P 400),32.4,43.7,-12.7,63.89,Buy,144.1199951171875
2026-10-04,LDOS,Industrials (S&P 500),56.2,47.4,91.4,73.68,Buy,117.73999786376953
2026-10-04,LEA,Consumer Discretionary (S&P 400),32.3,36.6,15.0,46.49,Buy,120.8499984741211
2026-10-04,LECO,Industrials (S&P 400),-20.3,-16.5,-35.7,-33.16,Sell,274.3800048828125
2026-10-04,LEN,Consumer Discretionary (S&P 500),,,,,Sell,79.80999755859375
2026-10-04,LFUS,Information Technology (S&P 400),,,,,Sell,456.5299987792969
2026-10-04,LH,Health Care (S&P 500),32.2,36.2,16.0,45.71,Buy,308.489990234375
2026-10-04,LHX,Industrials (S&P 500),45.1,47.2,36.4,73.38,Buy,236.60000610351562
2026-10-04,LII,Industrials (S&P 500),-0.3,-20.3,79.8,-37.58,Hold,356.29998779296875
2026-10-04,LIN,Materials (S&P 500),-13.5,-19.4,10.0,-36.58,Sell,479.4800109863281
2026-10-04,LITE,Information Technology (S&P 500),,,,,Sell,1085.4200439453125
2026-10-04,LIVN,Health Care (S&P 400),18.4,15.3,30.4,8.38,Buy,75.06999969482422
2026-10-04,LLY,Health Care (S&P 500),31.1,21.9,67.7,18.9,Buy,1142.8499755859375
2026-10-04,LMT,Industrials (S&P 500),43.2,44.5,38.2,66.1,Buy,505.4100036621094
2026-10-04,LNT,Utilities (S&P 500),15.3,16.2,12.0,9.71,Buy,64.33000183105469
2026-10-04,LNTH,Health Care (S&P 400),56.2,52.5,70.9,89.71,Buy,99.95999908447266
2026-10-04,LOPE,Consumer Discretionary (S&P 400),44.9,43.5,50.6,63.28,Buy,155.7899932861328
2026-10-04,LOW,Consumer Discretionary (S&P 500),36.4,32.5,52.3,37.42,Buy,180.8000030517578
2026-10-04,LPX,Industrials (S&P 400),-74.7,-81.1,-49.5,-95.93,Sell,65.0999984741211
2026-10-04,LRCX,Information Technology (S&P 500),-76.9,-71.1,-100.0,-84.6,Sell,347.489990234375
2026-10-04,LSCC,Information Technology (S&P 400),-86.3,-82.9,-100.0,-99.06,Sell,134.0
2026-10-04,LSTR,Industrials (S&P 400),-59.8,-55.4,-77.1,-71.12,Sell,173.47999572753906
2026-10-04,LULU,Consumer Discretionary (S&P 500),,,,,Buy,94.45999908447266
2026-10-04,LUV,Industrials (S&P 500),18.3,35.7,-51.2,44.54,Buy,42.470001220703125
2026-10-04,LVS,Consumer Discretionary (S&P 500),99.4,100.0,96.8,1625.7,Buy,36.22999954223633
2026-10-04,LYB,Materials (S&P 500),-32.5,-15.7,-100.0,-32.17,Sell,58.58000183105469
2026-10-04,LYV,Communication Services (S&P 500),-16.5,-13.1,-30.4,-29.1,Sell,168.77000427246094
2026-10-04,M,Consumer Discretionary (S&P 400),-22.8,-41.6,52.6,-58.81,Sell,22.729999542236328
2026-10-04,MA,Financials (S&P 500),52.3,52.1,53.0,88.12,Buy,552.260009765625
2026-10-04,MAA,Real Estate (S&P 500),62.6,68.0,40.8,157.26,Buy,115.2699966430664
2026-10-04,MANH,Information Technology (S&P 400),,,,,Buy,204.14999389648438
2026-10-04,MAR,Consumer Discretionary (S&P 500),13.0,25.2,-35.7,24.14,Buy,358.9599914550781
2026-10-04,MAS,Industrials (S&P 500),-18.7,-24.9,6.0,-41.94,Sell,68.36000061035156
2026-10-04,MAT,Consumer Discretionary (S&P 400),54.2,52.5,61.1,89.64,Buy,15.270000457763672
2026-10-04,MCD,Consumer Discretionary (S&P 500),55.5,52.0,69.4,87.92,Buy,231.88999938964844
2026-10-04,MCHP,Information Technology (S&P 500),,,,,Sell,81.31999969482422
2026-10-04,MCK,Health Care (S&P 500),65.4,81.1,2.6,262.42,Buy,902.280029296875
2026-10-04,MCO,Financials (S&P 500),48.0,43.1,67.7,62.34,Buy,441.3599853515625
2026-10-04,MDLZ,Consumer Staples (S&P 500),34.7,46.2,-11.6,70.66,Buy,58.189998626708984
2026-10-04,MDT,Health Care (S&P 500),35.6,32.2,48.9,36.87,Buy,86.37999725341797
2026-10-04,MEDP,Health Care (S&P 400),,,,,Sell,599.469970703125
2026-10-04,MET,Financials (S&P 500),,,,,Sell,94.43000030517578
2026-10-04,META,Communication Services (S&P 500),-57.4,-63.4,-33.0,-77.83,Sell,728.0800170898438
2026-10-04,MGM,Consumer Discretionary (S&P 500),60.9,92.0,-63.6,542.39,Buy,30.479999542236328
2026-10-04,MIDD,Industrials (S&P 400),-39.6,-59.1,38.6,-74.17,Sell,104.56999969482422
2026-10-04,MKC,Consumer Staples (S&P 500),58.9,52.3,85.3,88.76,Buy,44.66999816894531
2026-10-04,MKSI,Information Technology (S&P 400),-84.2,-80.2,-100.0,-94.47,Sell,279.1499938964844
2026-10-04,MLI,Industrials (S&P 400),-35.8,-19.8,-100.0,-37.01,Sell,62.560001373291016
2026-10-04,MLM,Materials (S&P 500),-46.4,-65.1,28.2,-79.24,Sell,482.2699890136719
2026-10-04,MMM,Industrials (S&P 500),-16.6,-8.1,-50.7,-23.18,Sell,161.88999938964844
2026-10-04,MMS,Industrials (S&P 400),76.5,72.9,90.7,189.18,Buy,52.650001525878906
2026-10-04,MNST,Consumer Staples (S&P 500),,,,,Insufficient Data,42.939998626708984
2026-10-04,MO,Consumer Staples (S&P 500),25.6,48.4,-65.5,76.37,Buy,67.3499984741211
2026-10-04,MOG-A,Industrials (S&P 400),-83.3,-79.1,-100.0,-93.18,Sell,392.7300109863281
2026-10-04,MORN,Financials (S&P 400),72.6,67.6,92.6,155.03,Buy,183.5500030517578
2026-10-04,MOS,Materials (S&P 500),-32.5,-55.2,58.1,-70.91,Sell,21.06999969482422
2026-10-04,MP,Materials (S&P 400),,,,,Sell,46.970001220703125
2026-10-04,MPC,Energy (S&P 500),-1.9,22.7,-100.0,20.11,Hold,422.3299865722656
2026-10-04,MPWR,Information Technology (S&P 500),,,,,Sell,1439.72998046875
2026-10-04,MRK,Health Care (S&P 500),45.0,33.8,90.0,40.26,Buy,144.3000030517578
2026-10-04,MRNA,Health Care (S&P 500),-79.6,-74.5,-100.0,-88.2,Sell,190.00999450683594
2026-10-04,MRSH,Financials (S&P 500),62.1,61.6,64.4,124.48,Buy,170.05999755859375
2026-10-04,MRVL,Information Technology (S&P 500),-51.9,-78.5,54.5,-92.46,Sell,272.2900085449219
2026-10-04,MS,Financials (S&P 500),,,,,Sell,190.30999755859375
2026-10-04,MSA,Industrials (S&P 400),27.4,19.6,58.3,15.2,Buy,181.22999572753906
2026-10-04,MSCI,Financials (S&P 500),56.2,54.5,63.3,96.62,Buy,535.9500122070312
2026-10-04,MSFT,Information Technology (S&P 500),39.8,31.8,72.0,35.83,Buy,517.530029296875
2026-10-04,MSI,Information Technology (S&P 500),34.9,32.0,46.8,36.26,Buy,447.4100036621094
2026-10-04,MSM,Industrials (S&P 400),-24.2,-5.2,-100.0,-19.8,Sell,130.1199951171875
2026-10-04,MTB,Financials (S&P 500),,,,,Sell,219.13999938964844
2026-10-04,MTD,Health Care (S&P 500),-20.7,-31.2,21.6,-48.11,Sell,1486.18994140625
2026-10-04,MTDR,Energy (S&P 400),64.5,75.0,22.4,204.63,Buy,53.5
2026-10-04,MTG,Financials (S&P 400),,,,,Sell,26.950000762939453
2026-10-04,MTN,Consumer Discretionary (S&P 400),86.7,90.8,70.6,472.48,Buy,141.16000366210938
2026-10-04,MTSI,Information Technology (S&P 400),,,,,Sell,321.6000061035156
2026-10-04,MTZ,Industrials (S&P 400),-15.8,-18.3,-6.0,-35.3,Sell,215.92999267578125
2026-10-04,MU,Information Technology (S&P 500),,,,,Sell,1074.8900146484375
2026-10-04,MUR,Energy (S&P 400),-35.2,-29.5,-58.2,-46.28,Sell,37.65999984741211
2026-10-04,MUSA,Consumer Discretionary (S&P 400),-25.4,-23.6,-32.6,-40.69,Sell,515.02001953125
2026-10-04,MZTI,Consumer Staples (S&P 400),69.1,63.6,91.3,134.85,Buy,99.52999877929688
2026-10-04,NBIX,Health Care (S&P 400),-17.1,-42.2,83.2,-59.35,Sell,143.17999267578125
2026-10-04,NCLH,Consumer Discretionary (S&P 500),,,,,Buy,15.140000343322754
2026-10-04,NDAQ,Financials (S&P 500),33.6,30.4,46.2,32.83,Buy,90.33000183105469
2026-10-04,NDSN,Industrials (S&P 500),-36.3,-34.3,-44.0,-51.36,Sell,333.5400085449219
2026-10-04,NEE,Utilities (S&P 500),1.7,-9.2,45.6,-24.57,Hold,76.83000183105469
2026-10-04,NEM,Materials (S&P 500),35.9,20.5,97.5,16.64,Buy,115.55999755859375
2026-10-04,NEU,Materials (S&P 400),11.7,29.8,-60.8,31.55,Buy,924.0599975585938
2026-10-04,NFG,Utilities (S&P 400),,,,,Hold,76.43000030517578
2026-10-04,NFLX,Communication Services (S&P 500),64.1,60.5,78.2,119.19,Buy,67.05999755859375
2026-10-04,NI,Utilities (S&P 500),,,,,Hold,39.43000030517578
2026-10-04,NJR,Utilities (S&P 400),,,,,Hold,51.59000015258789
2026-10-04,NKE,Consumer Discretionary (S&P 500),,,,,Buy,33.869998931884766
2026-10-04,NLY,Financials (S&P 400),,,,,Sell,18.5
2026-10-04,NNN,Real Estate (S&P 400),,,,,Hold,40.95000076293945
2026-10-04,NOC,Industrials (S&P 500),57.9,55.3,68.1,99.77,Buy,478.0
2026-10-04,NOV,Energy (S&P 400),-17.9,-32.2,39.6,-49.14,Sell,18.799999237060547
2026-10-04,NOVT,Information Technology (S&P 400),,,,,Buy,149.27000427246094
2026-10-04,NOW,Information Technology (S&P 500),-0.7,-23.9,91.8,-40.99,Hold,134.3800048828125
2026-10-04,NRG,Utilities (S&P 500),-7.9,-6.3,-14.4,-21.01,Sell,95.2300033569336
2026-10-04,NSC,Industrials (S&P 500),-8.8,-11.1,0.6,-26.81,Sell,317.44000244140625
2026-10-04,NTAP,Information Technology (S&P 500),-52.5,-40.6,-100.0,-57.89,Sell,226.27000427246094
2026-10-04,NTNX,Information Technology (S&P 400),,,,,Buy,72.29000091552734
2026-10-04,NTRS,Financials (S&P 500),,,,,Hold,171.39999389648438
2026-10-04,NUE,Materials (S&P 500),-66.5,-58.2,-100.0,-73.38,Sell,240.38999938964844
2026-10-04,NVDA,Information Technology (S&P 500),-26.0,-29.6,-11.6,-46.38,Sell,233.9499969482422
2026-10-04,NVR,Consumer Discretionary (S&P 500),49.9,53.5,35.5,93.12,Buy,5993.85009765625
2026-10-04,NVST,Health Care (S&P 400),,,,,Buy,23.459999084472656
2026-10-04,NVT,Industrials (S&P 400),-63.6,-54.5,-100.0,-70.36,Sell,169.55999755859375
2026-10-04,NWE,Utilities (S&P 400),,,,,Sell,69.2699966430664
2026-10-04,NWS,Communication Services (S&P 500),33.2,31.9,38.5,36.05,Buy,31.649999618530273
2026-10-04,NWSA,Communication Services (S&P 500),39.3,38.2,43.9,50.08,Buy,28.690000534057617
2026-10-04,NXPI,Information Technology (S&P 500),-64.7,-68.0,-51.6,-81.73,Sell,243.66000366210938
2026-10-04,NXST,Communication Services (S&P 400),-22.1,-37.7,40.2,-54.92,Sell,155.4199981689453
2026-10-04,NXT,Industrials (S&P 400),-67.4,-67.4,,-81.23,Sell,84.30000305175781
2026-10-04,NYT,Communication Services (S&P 400),24.6,25.3,21.7,24.36,Buy,62.70000076293945
2026-10-04,O,Real Estate (S&P 500),,,,,Hold,54.130001068115234
2026-10-04,OC,Industrials (S&P 400),-60.2,-50.2,-100.0,-66.78,Sell,118.36000061035156
2026-10-04,ODFL,Industrials (S&P 500),-48.1,-59.4,-3.1,-74.41,Sell,180.47999572753906
2026-10-04,OGE,Utilities (S&P 400),,,,,Sell,45.34000015258789
2026-10-04,OGS,Utilities (S&P 400),-16.6,-31.5,43.3,-48.39,Sell,72.56999969482422
2026-10-04,OHI,Real Estate (S&P 400),,,,,Sell,45.720001220703125
2026-10-04,OKE,Energy (S&P 500),73.6,82.2,39.0,282.9,Buy,87.87999725341797
2026-10-04,OKTA,Information Technology (S&P 400),-21.1,-49.0,90.9,-65.71,Sell,211.49000549316406
2026-10-04,OLED,Information Technology (S&P 400),,,,,Buy,80.37000274658203
2026-10-04,OLLI,Consumer Discretionary (S&P 400),,,,,Buy,88.05500030517578
2026-10-04,OLN,Materials (S&P 400),59.9,85.9,-44.0,351.12,Buy,15.899999618530273
2026-10-04,OMC,Communication Services (S&P 500),3.2,29.0,-100.0,30.28,Hold,74.1500015258789
2026-10-04,ON,Information Technology (S&P 500),,,,,Sell,84.88999938964844
2026-10-04,ONB,Financials (S&P 400),,,,,Sell,24.959999084472656
2026-10-04,ONTO,Information Technology (S&P 400),,,,,Sell,327.7699890136719
2026-10-04,OPCH,Health Care (S&P 400),80.7,82.0,75.2,279.76,Buy,22.639999389648438
2026-10-04,ORA,Utilities (S&P 400),,,,,Hold,92.86000061035156
2026-10-04,ORCL,Information Technology (S&P 500),,,,,Buy,142.3000030517578
2026-10-04,ORI,Financials (S&P 400),,,,,Sell,38.060001373291016
2026-10-04,ORLY,Consumer Discretionary (S&P 500),16.6,15.4,21.5,8.44,Buy,84.9000015258789
2026-10-04,OSK,Industrials (S&P 400),14.5,5.5,50.3,-6.08,Buy,133.85000610351562
2026-10-04,OTIS,Industrials (S&P 500),,,,,Buy,64.05000305175781
2026-10-04,OVV,Energy (S&P 400),0.3,19.1,-74.7,14.35,Hold,60.34000015258789
2026-10-04,OXY,Energy (S&P 500),-5.6,1.3,-33.0,-11.78,Hold,58.08000183105469
2026-10-04,OZK,Financials (S&P 400),,,,,Buy,46.709999084472656
2026-10-04,P,Information Technology (S&P 400),,,,,Sell,140.13999938964844
2026-10-04,PAG,Consumer Discretionary (S&P 400),32.3,53.1,-50.8,91.74,Buy,204.02999877929688
2026-10-04,PANW,Information Technology (S&P 500),-77.7,-79.9,-68.8,-93.96,Sell,403.239990234375
2026-10-04,PATH,Information Technology (S&P 400),,,,,Buy,13.119999885559082
2026-10-04,PAYX,Industrials (S&P 500),64.7,62.7,72.6,130.16,Buy,98.94000244140625
2026-10-04,PB,Financials (S&P 400),,,,,Buy,67.37999725341797
2026-10-04,PBF,Energy (S&P 400),45.0,81.2,-100.0,264.89,Buy,80.77999877929688
2026-10-04,PCAR,Industrials (S&P 500),,,,,Sell,109.68000030517578
2026-10-04,PCG,Utilities (S&P 500),,,,,Buy,12.319999694824219
2026-10-04,PCTY,Industrials (S&P 400),,,,,Buy,144.47000122070312
2026-10-04,PEG,Utilities (S&P 500),,,,,Hold,68.06999969482422
2026-10-04,PEGA,Information Technology (S&P 400),63.4,56.2,92.0,102.89,Buy,33.93000030517578
2026-10-04,PEN,Health Care (S&P 400),-47.4,-83.0,94.8,-99.22,Sell,317.54998779296875
2026-10-04,PEP,Consumer Staples (S&P 500),28.0,20.8,57.0,17.05,Buy,125.88999938964844
2026-10-04,PFE,Health Care (S&P 500),9.3,3.8,30.9,-8.35,Buy,27.799999237060547
2026-10-04,PFG,Financials (S&P 500),,,,,Sell,111.95999908447266
2026-10-04,PFGC,Consumer Staples (S&P 400),31.9,36.1,14.8,45.47,Buy,93.8499984741211
2026-10-04,PG,Consumer Staples (S&P 500),34.2,28.9,55.4,30.09,Buy,144.91000366210938
2026-10-04,PGR,Financials (S&P 500),,,,,Buy,210.30999755859375
2026-10-04,PH,Industrials (S&P 500),-35.8,-34.3,-41.6,-51.35,Sell,972.5499877929688
2026-10-04,PHM,Consumer Discretionary (S&P 500),-4.7,7.2,-52.7,-3.8,Hold,115.7300033569336
2026-10-04,PII,Consumer Discretionary (S&P 400),12.2,0.4,59.3,-12.96,Buy,53.709999084472656
2026-10-04,PINS,Communication Services (S&P 400),5.2,-16.8,93.2,-33.57,Hold,19.260000228881836
2026-10-04,PK,Real Estate (S&P 400),69.3,84.3,9.3,321.62,Buy,15.529999732971191
2026-10-04,PKG,Materials (S&P 500),-31.9,-29.8,-40.4,-46.57,Sell,228.5399932861328
2026-10-04,PLD,Real Estate (S&P 500),,,,,Hold,128.91000366210938
2026-10-04,PLNT,Consumer Discretionary (S&P 400),78.7,75.7,90.6,210.14,Buy,42.40999984741211
2026-10-04,PLTR,Information Technology (S&P 500),,,,,Buy,188.75
2026-10-04,PM,Consumer Staples (S&P 500),19.2,36.2,-48.9,45.68,Buy,187.4600067138672
2026-10-04,PNC,Financials (S&P 500),,,,,Sell,221.02999877929688
2026-10-04,PNFP,Financials (S&P 400),,,,,Buy,96.08999633789062
2026-10-04,PNR,Industrials (S&P 500),37.2,26.1,81.6,25.57,Buy,53.029998779296875
2026-10-04,PNW,Utilities (S&P 500),,,,,Sell,95.91999816894531
2026-10-04,PODD,Health Care (S&P 500),,,,,Buy,131.69000244140625
2026-10-04,POR,Utilities (S&P 400),,,,,Hold,44.54999923706055
2026-10-04,POST,Consumer Staples (S&P 400),89.2,99.9,46.0,997.04,Buy,72.55999755859375
2026-10-04,PPC,Consumer Staples (S&P 400),83.5,84.3,80.2,323.02,Buy,27.5
2026-10-04,PPG,Materials (S&P 500),22.4,7.8,80.7,-3.08,Buy,105.1500015258789
2026-10-04,PPL,Utilities (S&P 500),,,,,Hold,32.79999923706055
2026-10-04,PR,Energy (S&P 400),62.9,90.0,-45.5,429.56,Buy,22.1200008392334
2026-10-04,PRI,Financials (S&P 400),,,,,Hold,275.4200134277344
2026-10-04,PRU,Financials (S&P 500),,,,,Sell,112.5999984741211
2026-10-04,PSA,Real Estate (S&P 500),37.2,54.3,-31.1,96.14,Buy,283.80999755859375
2026-10-04,PSKY,Communication Services (S&P 500),81.0,81.0,,260.08,Buy,9.5
2026-10-04,PSN,Industrials (S&P 400),40.2,27.6,90.8,27.96,Buy,40.790000915527344
2026-10-04,PSX,Energy (S&P 500),-9.5,13.2,-100.0,4.96,Sell,264.5799865722656
2026-10-04,PTC,Information Technology (S&P 500),75.9,72.6,89.4,186.5,Buy,144.02999877929688
2026-10-04,PVH,Consumer Discretionary (S&P 400),,,,,Sell,75.52999877929688
2026-10-04,PWR,Industrials (S&P 500),-70.2,-62.7,-100.0,-77.23,Sell,676.5599975585938
2026-10-04,PYPL,Financials (S&P 500),77.9,74.5,91.3,201.25,Buy,52.79999923706055
2026-10-04,Q,Information Technology (S&P 500),,,,,Insufficient Data,131.47999572753906
2026-10-04,QCOM,Information Technology (S&P 500),-61.7,-74.2,-11.8,-87.86,Sell,184.8699951171875
2026-10-04,QLYS,Information Technology (S&P 400),22.1,18.3,37.3,13.1,Buy,193.0
2026-10-04,R,Industrials (S&P 400),,,,,Sell,237.24000549316406
2026-10-04,RBA,Industrials (S&P 400),73.9,82.6,39.1,290.76,Buy,81.87999725341797
2026-10-04,RBC,Industrials (S&P 400),-54.2,-54.6,-52.7,-70.39,Sell,515.5599975585938
2026-10-04,RCL,Consumer Discretionary (S&P 500),75.3,71.4,90.9,177.88,Buy,277.739990234375
2026-10-04,REG,Real Estate (S&P 500),,,,,Hold,71.5999984741211
2026-10-04,REGN,Health Care (S&P 500),27.9,19.2,62.8,14.52,Buy,735.2000122070312
2026-10-04,REXR,Real Estate (S&P 400),,,,,Buy,36.689998626708984
2026-10-04,RF,Financials (S&P 500),,,,,Sell,27.100000381469727
2026-10-04,RGA,Financials (S&P 400),,,,,Hold,249.41000366210938
2026-10-04,RGEN,Health Care (S&P 400),,,,,Buy,181.6999969482422
2026-10-04,RGLD,Materials (S&P 400),,,,,Sell,234.63999938964844
2026-10-04,RH,Consumer Discretionary (S&P 400),84.1,83.9,85.1,313.82,Buy,120.45999908447266
2026-10-04,RJF,Financials (S&P 500),,,,,Sell,158.2100067138672
2026-10-04,RL,Consumer Discretionary (S&P 500),-2.2,9.0,-46.7,-1.47,Hold,363.3699951171875
2026-10-04,RLI,Financials (S&P 400),,,,,Buy,55.939998626708984
2026-10-04,RMBS,Information Technology (S&P 400),-46.3,-80.4,90.1,-94.86,Sell,111.97000122070312
2026-10-04,RMD,Health Care (S&P 500),44.9,36.9,76.8,47.24,Buy,218.88999938964844
2026-10-04,RNR,Financials (S&P 400),,,,,Hold,325.5299987792969
2026-10-04,ROIV,Health Care (S&P 400),,,,,Sell,35.720001220703125
2026-10-04,ROK,Industrials (S&P 500),-77.2,-71.5,-100.0,-85.01,Sell,454.3500061035156
2026-10-04,ROKU,Communication Services (S&P 400),-80.2,-79.4,-83.5,-93.43,Sell,152.38999938964844
2026-10-04,ROL,Industrials (S&P 500),70.2,66.3,86.0,148.64,Buy,30.15999984741211
2026-10-04,ROP,Information Technology (S&P 500),75.3,73.3,83.2,192.22,Buy,354.32000732421875
2026-10-04,ROST,Consumer Discretionary (S&P 500),-0.4,11.6,-48.3,2.39,Hold,228.5399932861328
2026-10-04,RPM,Materials (S&P 400),33.4,26.8,59.6,26.73,Buy,99.19000244140625
2026-10-04,RRC,Energy (S&P 400),-33.5,-49.5,30.9,-66.18,Sell,38.22999954223633
2026-10-04,RRX,Industrials (S&P 400),-15.9,-31.0,44.6,-47.83,Sell,159.8699951171875
2026-10-04,RS,Materials (S&P 400),-46.5,-33.1,-100.0,-50.03,Sell,400.30999755859375
2026-10-04,RSG,Industrials (S&P 500),38.9,42.0,26.5,59.55,Buy,209.55999755859375
2026-10-04,RTX,Industrials (S&P 500),27.8,41.2,-26.0,57.36,Buy,184.67999267578125
2026-10-04,RVTY,Health Care (S&P 500),-45.8,-58.9,6.9,-74.01,Sell,151.52999877929688
2026-10-04,RYAN,Financials (S&P 400),,,,,Buy,37.66999816894531
2026-10-04,RYN,Real Estate (S&P 400),,,,,Sell,18.059999465942383
2026-10-04,SAIA,Industrials (S&P 400),,,,,Hold,351.1199951171875
2026-10-04,SAIC,Industrials (S&P 400),31.1,37.8,4.5,49.14,Buy,125.26000213623047
2026-10-04,SAM,Consumer Staples (S&P 400),,,,,Buy,167.5
2026-10-04,SANM,Information Technology (S&P 400),-82.0,-77.5,-100.0,-91.43,Sell,229.0399932861328
2026-10-04,SARO,Industrials (S&P 400),-28.2,-53.9,74.4,-69.81,Sell,21.049999237060547
2026-10-04,SBAC,Real Estate (S&P 500),76.3,74.2,84.6,198.98,Buy,158.49000549316406
2026-10-04,SBRA,Real Estate (S&P 400),,,,,Hold,19.15999984741211
2026-10-04,SBUX,Consumer Discretionary (S&P 500),-46.5,-42.5,-62.3,-59.65,Sell,94.70999908447266
2026-10-04,SCHW,Financials (S&P 500),,,,,Hold,96.69999694824219
2026-10-04,SCI,Consumer Discretionary (S&P 400),25.0,22.4,35.5,19.71,Buy,77.13999938964844
2026-10-04,SEIC,Financials (S&P 400),46.8,57.1,5.4,106.0,Buy,102.43000030517578
2026-10-04,SF,Financials (S&P 400),,,,,Sell,70.27999877929688
2026-10-04,SFM,Consumer Staples (S&P 400),88.3,90.0,81.6,429.23,Buy,64.47000122070312
2026-10-04,SGI,Consumer Discretionary (S&P 400),11.6,12.2,9.3,3.41,Buy,61.970001220703125
2026-10-04,SHC,Health Care (S&P 400),,,,,Hold,18.219999313354492
2026-10-04,SHW,Materials (S&P 500),4.3,-4.9,41.2,-19.39,Hold,319.510009765625
2026-10-04,SIGI,Financials (S&P 400),,,,,Buy,85.58999633789062
2026-10-04,SIRI,Communication Services (S&P 400),72.1,70.7,77.5,173.06,Buy,25.719999313354492
2026-10-04,SITM,Information Technology (S&P 400),,,,,Sell,709.4400024414062
2026-10-04,SJM,Consumer Staples (S&P 500),68.9,74.8,45.4,203.18,Buy,117.19000244140625
2026-10-04,SLAB,Information Technology (S&P 400),-28.3,-18.0,-69.5,-34.91,Sell,222.75999450683594
2026-10-04,SLB,Energy (S&P 500),3.3,5.2,-4.6,-6.47,Hold,48.7400016784668
2026-10-04,SLGN,Materials (S&P 400),72.9,73.6,70.4,194.28,Buy,34.869998931884766
2026-10-04,SLM,Financials (S&P 400),,,,,Hold,22.75
2026-10-04,SMCI,Information Technology (S&P 500),,,,,Buy,43.689998626708984
2026-10-04,SMG,Materials (S&P 400),74.5,69.8,93.6,166.38,Buy,49.02000045776367
2026-10-04,SMTC,Information Technology (S&P 400),-85.8,-82.2,-100.0,-97.91,Sell,194.8800048828125
2026-10-04,SN,Consumer Discretionary (S&P 400),-36.0,-37.2,-31.4,-54.35,Sell,182.57000732421875
2026-10-04,SNA,Industrials (S&P 500),3.4,11.5,-28.7,2.23,Hold,368.8999938964844
2026-10-04,SNDK,Information Technology (S&P 500),-49.9,-37.4,-100.0,-54.59,Sell,1719.989990234375
2026-10-04,SNPS,Information Technology (S&P 500),-48.2,-67.7,29.4,-81.41,Sell,489.8999938964844
2026-10-04,SNX,Information Technology (S&P 400),-31.1,-21.7,-68.6,-38.9,Sell,278.3699951171875
2026-10-04,SO,Utilities (S&P 500),,,,,Hold,83.72000122070312
2026-10-04,SOLS,Materials (S&P 400),-60.3,-60.3,,-75.14,Sell,57.70000076293945
2026-10-04,SOLV,Health Care (S&P 500),81.0,79.9,85.3,241.26,Buy,87.8499984741211
2026-10-04,SON,Materials (S&P 400),97.0,98.4,91.2,908.62,Buy,48.7400016784668
2026-10-04,SPG,Real Estate (S&P 500),77.4,81.9,59.6,277.19,Buy,200.9499969482422
2026-10-04,SPGI,Financials (S&P 500),61.4,56.8,80.0,104.99,Buy,386.2699890136719
2026-10-04,SPXC,Industrials (S&P 400),-3.9,-23.9,76.0,-40.97,Hold,173.08999633789062
2026-10-04,SR,Utilities (S&P 400),28.4,32.3,13.0,36.9,Buy,77.54000091552734
2026-10-04,SRE,Utilities (S&P 500),,,,,Sell,78.37999725341797
2026-10-04,SSB,Financials (S&P 400),,,,,Hold,101.91000366210938
2026-10-04,SSD,Industrials (S&P 400),-9.4,-13.0,5.2,-29.03,Sell,173.55999755859375
2026-10-04,ST,Industrials (S&P 400),-52.3,-75.0,38.7,-88.77,Sell,43.5099983215332
2026-10-04,STAG,Real Estate (S&P 400),,,,,Hold,36.04999923706055
2026-10-04,STE,Health Care (S&P 500),42.1,35.7,67.3,44.65,Buy,208.5399932861328
2026-10-04,STLD,Materials (S&P 500),-74.9,-68.6,-100.0,-82.19,Sell,231.99000549316406
2026-10-04,STRL,Industrials (S&P 400),-72.2,-65.2,-100.0,-79.32,Sell,533.4199829101562
2026-10-04,STT,Financials (S&P 500),,,,,Buy,175.9600067138672
2026-10-04,STWD,Financials (S&P 400),,,,,Sell,13.050000190734863
2026-10-04,STX,Information Technology (S&P 500),-68.8,-61.0,-100.0,-75.73,Sell,848.989990234375
2026-10-04,STZ,Consumer Staples (S&P 500),46.4,34.1,95.5,41.06,Buy,112.87000274658203
2026-10-04,SW,Materials (S&P 500),,,,,Hold,42.540000915527344
2026-10-04,SWK,Industrials (S&P 500),-18.1,-43.5,83.6,-60.57,Sell,91.33999633789062
2026-10-04,SWKS,Information Technology (S&P 500),-46.2,-47.0,-43.2,-63.8,Sell,85.02999877929688
2026-10-04,SWX,Utilities (S&P 400),,,,,Buy,82.69000244140625
2026-10-04,SYF,Financials (S&P 500),,,,,Sell,71.7699966430664
2026-10-04,SYK,Health Care (S&P 500),20.8,6.2,79.5,-5.25,Buy,275.42999267578125
2026-10-04,SYNA,Information Technology (S&P 400),-38.0,-36.1,-45.7,-53.25,Sell,121.0999984741211
2026-10-04,SYY,Consumer Staples (S&P 500),38.7,43.0,21.3,62.15,Buy,77.48999786376953
2026-10-04,T,Communication Services (S&P 500),59.9,72.2,10.6,183.78,Buy,24.299999237060547
2026-10-04,TAP,Consumer Staples (S&P 500),88.9,93.3,71.5,614.52,Buy,36.86000061035156
2026-10-04,TCBI,Financials (S&P 400),,,,,Sell,93.76000213623047
2026-10-04,TDG,Industrials (S&P 500),66.3,74.0,35.6,197.07,Buy,1090.3800048828125
2026-10-04,TDY,Information Technology (S&P 500),-17.0,-19.7,-6.3,-36.96,Sell,617.1699829101562
2026-10-04,TECH,Health Care (S&P 500),-30.6,-49.5,45.0,-66.15,Sell,72.4000015258789
2026-10-04,TEL,Information Technology (S&P 500),-59.6,-63.1,-45.5,-77.57,Sell,220.36000061035156
2026-10-04,TER,Information Technology (S&P 500),-84.0,-80.0,-100.0,-94.06,Sell,449.0400085449219
2026-10-04,TEX,Industrials (S&P 400),-43.2,-50.1,-15.9,-66.66,Sell,56.709999084472656
2026-10-04,TFC,Financials (S&P 500),,,,,Hold,46.45000076293945
2026-10-04,TGT,Consumer Staples (S&P 500),5.1,-1.7,32.2,-15.48,Hold,156.0
2026-10-04,THC,Health Care (S&P 400),48.0,70.2,-40.9,168.92,Buy,258.6199951171875
2026-10-04,THG,Financials (S&P 400),,,,,Buy,219.42999267578125
2026-10-04,THO,Consumer Discretionary (S&P 400),-19.3,-29.4,21.0,-46.24,Sell,69.55000305175781
2026-10-04,TJX,Consumer Discretionary (S&P 500),26.7,26.2,28.8,25.72,Buy,132.67999267578125
2026-10-04,TKO,Communication Services (S&P 500),89.1,91.0,81.4,483.77,Buy,175.5800018310547
2026-10-04,TKR,Industrials (S&P 400),-56.2,-56.9,-53.2,-72.36,Sell,122.44000244140625
2026-10-04,TLN,Utilities (S&P 400),20.1,50.1,-100.0,80.94,Buy,320.7699890136719
2026-10-04,TMO,Health Care (S&P 500),-35.9,-46.2,5.1,-63.02,Sell,654.7999877929688
2026-10-04,TMUS,Communication Services (S&P 500),41.4,34.5,69.2,41.83,Buy,163.63999938964844
2026-10-04,TNL,Consumer Discretionary (S&P 400),54.3,63.7,16.4,135.45,Buy,62.91999816894531
2026-10-04,TOL,Consumer Discretionary (S&P 400),-9.0,1.1,-49.5,-12.01,Sell,136.61000061035156
2026-10-04,TPL,Energy (S&P 500),-13.8,-20.7,13.7,-38.0,Sell,340.19000244140625
2026-10-04,TPR,Consumer Discretionary (S&P 500),39.3,27.7,85.8,28.21,Buy,118.12000274658203
2026-10-04,TREX,Industrials (S&P 400),,,,,Buy,43.560001373291016
2026-10-04,TRGP,Energy (S&P 500),-73.3,-75.0,-66.3,-88.78,Sell,281.739990234375
2026-10-04,TRMB,Information Technology (S&P 500),-28.5,-46.7,44.4,-63.55,Sell,57.52000045776367
2026-10-04,TROW,Financials (S&P 500),,,,,Hold,104.62000274658203
2026-10-04,TRU,Industrials (S&P 400),-27.0,-56.9,92.9,-72.34,Sell,63.439998626708984
2026-10-04,TRV,Financials (S&P 500),,,,,Hold,360.3800048828125
2026-10-04,TSCO,Consumer Discretionary (S&P 500),27.5,15.2,76.7,8.18,Buy,31.09000015258789
2026-10-04,TSLA,Consumer Discretionary (S&P 500),,,,,Sell,370.5899963378906
2026-10-04,TSN,Consumer Staples (S&P 500),2.5,-16.7,79.2,-33.41,Hold,51.88999938964844
2026-10-04,TT,Industrials (S&P 500),-12.1,-6.1,-36.1,-20.87,Sell,463.9100036621094
2026-10-04,TTC,Industrials (S&P 400),-8.3,-6.8,-14.3,-21.69,Sell,98.63999938964844
2026-10-04,TTD,Communication Services (S&P 500),,,,,Buy,11.949999809265137
2026-10-04,TTEK,Industrials (S&P 400),46.4,50.9,28.3,83.82,Buy,33.119998931884766
2026-10-04,TTMI,Information Technology (S&P 400),,,,,Sell,131.8699951171875
2026-10-04,TTWO,Communication Services (S&P 500),,,,,Hold,202.72999572753906
2026-10-04,TWLO,Information Technology (S&P 400),,,,,Sell,294.5799865722656
2026-10-04,TXN,Information Technology (S&P 500),-79.5,-78.4,-84.2,-92.34,Sell,293.79998779296875
2026-10-04,TXNM,Utilities (S&P 400),,,,,Hold,58.40999984741211
2026-10-04,TXRH,Consumer Discretionary (S&P 400),41.1,43.4,31.9,63.2,Buy,156.13999938964844
2026-10-04,TXT,Industrials (S&P 500),59.0,57.9,63.6,108.73,Buy,77.26000213623047
2026-10-04,TYL,Information Technology (S&P 500),34.4,20.4,90.1,16.51,Buy,322.80999755859375
2026-10-04,UAL,Industrials (S&P 500),47.4,54.6,18.9,96.96,Buy,112.51000213623047
2026-10-04,UBER,Industrials (S&P 500),67.9,64.8,80.3,140.88,Buy,68.11000061035156
2026-10-04,UBSI,Financials (S&P 400),,,,,Buy,47.040000915527344
2026-10-04,UDR,Real Estate (S&P 500),71.2,71.7,68.8,180.5,Buy,33.27000045776367
2026-10-04,UFPI,Industrials (S&P 400),-9.8,-21.7,38.1,-38.95,Sell,77.1500015258789
2026-10-04,UGI,Utilities (S&P 400),50.7,52.1,45.3,88.19,Buy,37.20000076293945
2026-10-04,UHS,Health Care (S&P 500),88.7,90.4,82.0,452.27,Buy,175.72000122070312
2026-10-04,ULS,Industrials (S&P 400),7.8,12.0,-9.0,3.03,Buy,65.98999786376953
2026-10-04,ULTA,Consumer Discretionary (S&P 500),,,,,Hold,543.6900024414062
2026-10-04,UMBF,Financials (S&P 400),,,,,Buy,130.94000244140625
2026-10-04,UNH,Health Care (S&P 500),50.1,58.8,15.3,112.19,Buy,371.8999938964844
2026-10-04,UNM,Financials (S&P 400),,,,,Sell,88.56999969482422
2026-10-04,UNP,Industrials (S&P 500),-4.1,-5.7,2.3,-20.31,Hold,278.2799987792969
2026-10-04,UPS,Industrials (S&P 500),30.0,24.5,52.4,22.97,Buy,93.0199966430664
2026-10-04,URI,Industrials (S&P 500),-10.1,1.9,-58.1,-10.95,Sell,1081.0400390625
2026-10-04,USB,Financials (S&P 500),,,,,Sell,57.5099983215332
2026-10-04,USFD,Consumer Staples (S&P 400),31.8,44.0,-16.7,64.63,Buy,96.91999816894531
2026-10-04,UTHR,Health Care (S&P 400),79.9,79.9,,241.44,Buy,541.7000122070312
2026-10-04,V,Financials (S&P 500),29.5,42.9,-24.0,61.72,Buy,360.6600036621094
2026-10-04,VAL,Energy (S&P 400),87.4,86.7,90.4,366.97,Buy,78.38999938964844
2026-10-04,VC,Consumer Discretionary (S&P 400),36.2,22.5,91.1,19.81,Buy,88.7699966430664
2026-10-04,VEEV,Health Care (S&P 500),,,,,Buy,273.3299865722656
2026-10-04,VFC,Consumer Discretionary (S&P 400),-25.9,-55.5,92.7,-71.16,Sell,14.329999923706055
2026-10-04,VIAV,Information Technology (S&P 400),-82.3,-77.9,-100.0,-91.83,Sell,47.099998474121094
2026-10-04,VICI,Real Estate (S&P 500),90.4,92.7,81.1,584.86,Buy,22.649999618530273
2026-10-04,VICR,Industrials (S&P 400),,,,,Sell,308.8999938964844
2026-10-04,VLO,Energy (S&P 500),-45.5,-31.9,-100.0,-48.79,Sell,406.29998779296875
2026-10-04,VLTO,Industrials (S&P 500),3.8,-8.0,51.0,-23.12,Hold,94.68000030517578
2026-10-04,VLY,Financials (S&P 400),,,,,Sell,12.819999694824219
2026-10-04,VMC,Materials (S&P 500),-21.7,-42.3,60.8,-59.47,Sell,243.05999755859375
2026-10-04,VMI,Industrials (S&P 400),-46.0,-38.7,-75.2,-55.95,Sell,478.739990234375
2026-10-04,VNO,Real Estate (S&P 400),,,,,Buy,33.72999954223633
2026-10-04,VNOM,Energy (S&P 400),,,,,Sell,40.63999938964844
2026-10-04,VNT,Information Technology (S&P 400),60.8,63.8,48.8,135.84,Buy,31.65999984741211
2026-10-04,VOYA,Financials (S&P 400),,,,,Sell,96.6500015258789
2026-10-04,VRSK,Industrials (S&P 500),-9.0,-31.9,82.5,-48.81,Sell,163.8800048828125
2026-10-04,VRSN,Information Technology (S&P 500),29.4,37.3,-2.1,48.01,Buy,288.32000732421875
2026-10-04,VRT,Industrials (S&P 500),-70.3,-71.2,-66.8,-84.66,Sell,252.17999267578125
2026-10-04,VRTX,Health Care (S&P 500),33.1,44.0,-10.7,64.82,Buy,504.7300109863281
2026-10-04,VST,Utilities (S&P 500),33.0,40.2,4.4,54.63,Buy,140.02000427246094
2026-10-04,VTR,Real Estate (S&P 500),21.2,34.5,-31.7,41.86,Buy,84.01000213623047
2026-10-04,VTRS,Health Care (S&P 500),55.3,75.2,-24.5,206.11,Buy,17.600000381469727
2026-10-04,VVV,Consumer Discretionary (S&P 400),90.2,91.2,86.0,499.94,Buy,30.579999923706055
2026-10-04,VZ,Communication Services (S&P 500),19.9,21.9,11.6,18.91,Buy,45.91999816894531
2026-10-04,WAB,Industrials (S&P 500),-19.8,-9.8,-59.6,-25.27,Sell,287.5400085449219
2026-10-04,WAL,Financials (S&P 400),,,,,Buy,76.37999725341797
2026-10-04,WAT,Health Care (S&P 500),-23.1,-25.5,-13.6,-42.49,Sell,425.2099914550781
2026-10-04,WBD,Communication Services (S&P 500),70.1,62.6,100.0,129.68,Buy,30.940000534057617
2026-10-04,WBS,Financials (S&P 400),,,,,Insufficient Data,77.56999969482422
2026-10-04,WCC,Industrials (S&P 400),-67.8,-64.9,-79.6,-79.04,Sell,381.7300109863281
2026-10-04,WDAY,Information Technology (S&P 500),32.6,16.8,95.5,10.77,Buy,186.13999938964844
2026-10-04,WDC,Information Technology (S&P 500),43.7,30.8,95.4,33.7,Buy,415.2900085449219
2026-10-04,WEC,Utilities (S&P 500),-45.1,-59.4,12.4,-74.44,Sell,101.58999633789062
2026-10-04,WELL,Real Estate (S&P 500),-79.6,-74.5,-100.0,-88.19,Sell,227.7100067138672
2026-10-04,WEX,Financials (S&P 400),65.8,62.2,80.1,127.51,Buy,169.10000610351562
2026-10-04,WFC,Financials (S&P 500),,,,,Sell,80.44999694824219
2026-10-04,WFRD,Energy (S&P 400),47.2,44.9,56.5,67.06,Buy,79.72000122070312
2026-10-04,WH,Consumer Discretionary (S&P 400),24.7,17.9,51.6,12.51,Buy,71.79000091552734
2026-10-04,WHR,Consumer Discretionary (S&P 400),95.5,96.2,92.6,784.93,Buy,30.309999465942383
2026-10-04,WING,Consumer Discretionary (S&P 400),88.1,86.2,95.4,358.32,Buy,106.88999938964844
2026-10-04,WLK,Materials (S&P 400),54.1,51.2,65.8,85.13,Buy,63.5
2026-10-04,WM,Industrials (S&P 500),-18.9,-32.8,36.7,-49.77,Sell,204.4499969482422
2026-10-04,WMB,Energy (S&P 500),-2.3,10.0,-51.3,-0.12,Hold,70.54000091552734
2026-10-04,WMG,Communication Services (S&P 400),-23.4,-27.8,-6.0,-44.68,Sell,26.815000534057617
2026-10-04,WMS,Industrials (S&P 400),-26.6,-35.1,7.4,-52.12,Sell,127.2699966430664
2026-10-04,WMT,Consumer Staples (S&P 500),-14.0,-13.9,-14.3,-30.14,Sell,104.26000213623047
2026-10-04,WPC,Real Estate (S&P 400),,,,,Sell,64.5199966430664
2026-10-04,WRB,Financials (S&P 500),,,,,Sell,68.9800033569336
2026-10-04,WSM,Consumer Discretionary (S&P 500),,,,,Sell,232.3000030517578
2026-10-04,WSO,Industrials (S&P 400),-30.6,-50.7,49.8,-67.14,Sell,297.4700012207031
2026-10-04,WST,Health Care (S&P 500),-42.9,-49.8,-15.3,-66.45,Sell,364.9800109863281
2026-10-04,WTFC,Financials (S&P 400),,,,,Sell,145.02000427246094
2026-10-04,WTRG,Utilities (S&P 400),,,,,Hold,39.380001068115234
2026-10-04,WTS,Industrials (S&P 400),-33.9,-26.9,-61.9,-43.89,Sell,363.07000732421875
2026-10-04,WTW,Financials (S&P 500),44.2,32.2,92.5,36.68,Buy,288.6099853515625
2026-10-04,WWD,Industrials (S&P 400),-40.6,-33.0,-70.8,-49.96,Sell,331.6199951171875
2026-10-04,WY,Real Estate (S&P 500),-41.5,-47.8,-16.4,-64.53,Sell,18.469999313354492
2026-10-04,WYNN,Consumer Discretionary (S&P 500),97.1,100.0,85.4,1485.57,Buy,75.87999725341797
2026-10-04,XEL,Utilities (S&P 500),,,,,Hold,71.4000015258789
2026-10-04,XOM,Energy (S&P 500),-3.1,21.1,-100.0,17.64,Hold,164.00999450683594
2026-10-04,XPO,Industrials (S&P 400),,,,,Sell,186.08999633789062
2026-10-04,XRAY,Health Care (S&P 400),,,,,Buy,8.670000076293945
2026-10-04,XYL,Industrials (S&P 500),34.4,21.2,86.9,17.78,Buy,101.79000091552734
2026-10-04,XYZ,Financials (S&P 500),-21.0,-50.4,96.7,-66.94,Sell,74.33000183105469
2026-10-04,YETI,Consumer Discretionary (S&P 400),10.1,-7.1,78.5,-21.97,Buy,40.869998931884766
2026-10-04,YUM,Consumer Discretionary (S&P 500),33.4,30.4,45.4,32.84,Buy,136.1199951171875
2026-10-04,ZBH,Health Care (S&P 500),76.8,76.4,78.4,215.32,Buy,88.29000091552734
2026-10-04,ZBRA,Information Technology (S&P 500),,,,,Sell,375.8599853515625
2026-10-04,ZION,Financials (S&P 400),,,,,Hold,63.16999816894531
2026-10-04,ZTS,Health Care (S&P 500),74.9,70.5,92.4,171.31,Buy,69.69000244140625
